title,open_date,quarter,n_aud,n_screen,n_show,distributor,director,actor,score,genre,actor_power,genre_power,distributor_power
명량,2014.7.30,3,17613682 ,1587 ,188611 ,씨제이,김한민,"최민식, 류승룡, 조진웅",9 ,"액션, 드라마",179773779 ,859312808 ,332822481 
극한직업,2019.1.23,1,16265618 ,2003 ,292584 ,씨제이,이병헌,"류승룡, 이하늬, 진선규, 이동휘, 공명",9 ,코미디,165889768 ,210105867 ,332822481 
신과함께-죄와 벌,2017.12.20,4,14411502 ,3556 ,213262 ,롯데,김용화,"하정우, 차태현, 주지훈, 김향기, 김동욱, 마동석",8 ,"판타지, 드라마",299109749 ,596448092 ,159188751 
베테랑,2015.8.5,3,13414009 ,1115 ,199231 ,씨제이,류승완,"황정민, 유아인, 유해진, 오달수",9 ,"액션, 드라마",257871299 ,859312808 ,332822481 
도둑들,2012.7.25,3,12983178 ,1091 ,155392 ,쇼박스,최동훈,"김윤석, 김혜수, 이정재, 전지현, 임달화, 김해숙, 오달수, 김수현, 이신제, 증국상",8 ,"범죄, 액션, 드라마",327498480 ,1011969988 ,194689255 
7번방의 선물,2013.1.23,1,12811206 ,866 ,166815 ,넥스트,이환경,"류승룡, 박신혜, 갈소원, 오달수, 박원상, 김정태, 정만식, 김기천",9 ,코미디,265354515 ,210105867 ,160156018 
암살,2015.7.22,3,12705700 ,1519 ,175185 ,쇼박스,최동훈,"전지현, 이정재, 하정우",9 ,"액션, 드라마",178491537 ,859312808 ,194689255 
"광해, 왕이 된 남자",2012.9.13,3,12319390 ,1001 ,203400 ,씨제이,추창민,"이병헌, 류승룡, 한효주",9 ,드라마,153939111 ,554968598 ,332822481 
신과함께-인과 연,2018.8.1,3,12274996 ,2235 ,179981 ,롯데,김용화,"하정우, 주지훈, 김향기, 마동석, 김동욱",8 ,"판타지, 드라마",276018796 ,596448092 ,159188751 
택시운전사,2017.8.2,3,12186327 ,1906 ,184075 ,쇼박스,장훈,"송강호, 토마스 크레취만, 유해진, 류준열",9 ,"드라마, 가족",185920416 ,574799555 ,194689255 
부산행,2016.7.20,3,11565479 ,1788 ,151315 ,넥스트,연상호,"공유, 정유미, 마동석, 김수안, 김의성, 최우식, 안소희",8 ,"액션, 스릴러",198609535 ,408614846 ,160156018 
변호인,2013.12.18,4,11374618 ,1848 ,152267 ,넥스트,양우석,"송강호, 김영애, 오달수, 곽도원, 임시완",9 ,드라마,224110062 ,554968598 ,160156018 
기생충,2019.5.30,2,10085275 ,1948 ,192855 ,씨제이,봉준호,"송강호, 이선균, 조여정, 최우식, 박소담, 이정은, 장혜진",8 ,드라마,171576056 ,554968598 ,332822481 
검사외전,2016.2.3,1,9707581 ,1812 ,153532 ,쇼박스,이일형,"황정민, 강동원",8 ,"범죄, 코미디",101660342 ,362763047 ,194689255 
엑시트,2019.7.31,3,9426011 ,1660 ,202223 ,씨제이,이상근,"조정석, 윤아",8 ,"액션, 코미디",42649551 ,514450077 ,332822481 
설국열차,2013.8.1,3,9349993 ,1128 ,124823 ,씨제이,봉준호,"크리스 에반스, 송강호, 에드 해리스, 존 허트, 틸다 스윈튼, 제이미 벨, 옥타비아 스펜서, 이완 브렘너, 알리슨 필, 고아성",8 ,"SF, 액션, 드라마",160368317 ,872004342 ,332822481 
관상,2013.9.11,3,9134581 ,1240 ,125073 ,쇼박스,한재림,"송강호, 이정재, 백윤식, 조정석, 이종석, 김혜수",8 ,드라마,220104045 ,554968598 ,194689255 
해적: 바다로 간 산적,2014.8.6,3,8666046 ,910 ,133350 ,롯데,이석훈,"김남길, 손예진",8 ,"모험, 액션",45865256 ,340273965 ,159188751 
수상한 그녀,2014.1.22,1,8657982 ,1027 ,136975 ,씨제이,황동혁,"심은경, 나문희, 박인환, 성동일, 이진욱",9 ,"코미디, 드라마",89578467 ,765074465 ,332822481 
공조,2017.1.18,1,7817618 ,1392 ,142989 ,씨제이,김성훈,"현빈, 유해진, 김주혁",8 ,액션,105910143 ,304344210 ,332822481 
히말라야,2015.12.16,4,7759761 ,2050 ,142715 ,씨제이,이석훈,"황정민, 정우",8 ,드라마,82475815 ,554968598 ,332822481 
밀정,2016.9.7,3,7500420 ,1444 ,138161 ,기타,김지운,"송강호, 공유",8 ,액션,102817122 ,304344210 ,120697397 
최종병기 활,2011.8.10,3,7470633 ,615 ,130054 ,롯데,김한민,"박해일, 류승룡, 김무열, 문채원",8 ,"액션, 전쟁",140849109 ,326390939 ,159188751 
써니,2011.5.4,2,7362657 ,546 ,149135 ,씨제이,강형철,"유호정, 심은경, 강소라, 고수희, 김민영, 홍진희, 박진주, 이연경, 남보라, 김보미, 민효린",9 ,"코미디, 드라마",106523954 ,765074465 ,332822481 
1987,2017.12.27,4,7232387 ,2421 ,138226 ,씨제이,장준환,"김윤석, 하정우, 유해진, 김태리, 박희순, 이희준",9 ,드라마,261853289 ,554968598 ,332822481 
베를린,2013.1.30,1,7166290 ,894 ,111744 ,씨제이,류승완,"하정우, 한석규, 류승범, 전지현, 이경영",8 ,"액션, 드라마",169663056 ,859312808 ,332822481 
마스터,2016.12.21,4,7150586 ,2746 ,126927 ,씨제이,조의석,"이병헌, 강동원, 김우빈, 엄지원, 오달수, 진경",8 ,"액션, 범죄",204603049 ,457001390 ,332822481 
터널,2016.8.10,3,7120508 ,1105 ,113201 ,쇼박스,김성훈,"하정우, 배두나, 오달수",8 ,드라마,193887644 ,554968598 ,194689255 
내부자들,2015.11.19,4,7055332 ,1129 ,152265 ,쇼박스,우민호,"이병헌, 조승우, 백윤식",9 ,"범죄, 드라마",78513367 ,707625778 ,194689255 
인천상륙작전,2016.7.27,3,7049643 ,1049 ,97019 ,씨제이,이재한,"이정재, 이범수, 리암 니슨, 진세연",8 ,"전쟁, 드라마",83235667 ,577015327 ,332822481 
럭키,2016.10.13,4,6975290 ,1234 ,155977 ,쇼박스,이계벽,"유해진, 이준, 조윤희, 임지연",8 ,코미디,95832175 ,210105867 ,194689255 
은밀하게 위대하게,2013.6.5,2,6959083 ,1341 ,117461 ,쇼박스,장철수,"김수현, 박기웅, 이현우, 손현주",7 ,"액션, 드라마, 코미디",61805041 ,1069418675 ,194689255 
곡성,2016.5.12,2,6879908 ,1485 ,130322 ,기타,나홍진,"곽도원, 황정민, 쿠니무라 준, 천우희, 김환희",8 ,"미스터리, 스릴러, 드라마",126545114 ,698477293 ,120697397 
범죄도시,2017.10.3,4,6879841 ,1315 ,149334 ,기타,강윤성,"마동석, 윤계상",9 ,액션,88986071 ,304344210 ,120697397 
늑대소년,2012.10.31,4,6654390 ,854 ,109069 ,씨제이,조성희,"송중기, 박보영",9 ,"멜로/로맨스, 드라마, 판타지",27628409 ,666640645 ,332822481 
군함도,2017.7.26,3,6592151 ,2027 ,108775 ,씨제이,류승완,"황정민, 소지섭, 송중기, 이정현, 김수안",5 ,"액션, 드라마",121733567 ,859312808 ,332822481 
백두산,2019.12.19,4,6290773 ,1971 ,99916 ,씨제이,이해준,"이병헌, 하정우, 마동석, 전혜진, 수지",6 ,"드라마, 액션",237974377 ,859312808 ,332822481 
사도,2015.9.16,3,6246849 ,1210 ,124246 ,쇼박스,이준익,"송강호, 유아인, 문근영",8 ,드라마,108586218 ,554968598 ,194689255 
연평해전,2015.6.24,2,6043784 ,1013 ,114450 ,넥스트,김학순,"김무열, 진구, 이현우",9 ,드라마,49792489 ,554968598 ,160156018 
청년경찰,2017.8.9,3,5653270 ,1102 ,118544 ,롯데,김주환,"박서준, 강하늘",8 ,액션,28704028 ,304344210 ,159188751 
숨바꼭질,2013.8.14,3,5604103 ,779 ,88062 ,넥스트,허정,"손현주, 문정희, 전미선",7 ,스릴러,39931356 ,104270636 ,160156018 
덕혜옹주,2016.8.3,3,5599229 ,964 ,97312 ,롯데,허진호,"손예진, 박해일",8 ,"서사, 드라마",53324560 ,560567827 ,159188751 
더 테러 라이브,2013.7.31,3,5584139 ,809 ,93488 ,롯데,김병우,"하정우, 이경영, 전혜진",8 ,"스릴러, 드라마",122019860 ,659239234 ,159188751 
감시자들,2013.7.3,3,5508017 ,949 ,100309 ,넥스트,조의석,"설경구, 정우성, 한효주",8 ,"범죄, 액션, 스릴러",74358547 ,561272026 ,160156018 
검은 사제들,2015.11.5,4,5442128 ,1109 ,131155 ,씨제이,장재현,"김윤석, 강동원",8 ,"미스터리, 드라마",81563634 ,594206657 ,332822481 
안시성,2018.9.19,3,5440186 ,1540 ,110439 ,넥스트,김광식,"조인성, 남주혁, 박성웅",8 ,액션,32618224 ,304344210 ,160156018 
국제시장,2014.12.17,4,5345677 ,966 ,63603 ,씨제이,윤제균,"황정민, 김윤진, 오달수, 정진영",9 ,드라마,184088902 ,554968598 ,332822481 
더 킹,2017.1.18,1,5317693 ,1310 ,107983 ,넥스트,한재림,"조인성, 정우성, 배성우, 김아중, 류준열",8 ,"범죄, 드라마",98183218 ,707625778 ,160156018 
완득이,2011.10.20,4,5309928 ,629 ,117763 ,씨제이,이한,"김윤석, 유아인",9 ,드라마,81371160 ,554968598 ,332822481 
완벽한 타인,2018.10.31,4,5293435 ,1325 ,143055 ,롯데,이재규,"유해진, 조진웅, 이서진, 염정아, 김지수, 송하윤, 윤경호",9 ,"드라마, 코미디",165671960 ,765074465 ,159188751 
타워,2012.12.25,4,5181014 ,1255 ,81147 ,씨제이,김지훈,"설경구, 손예진, 김상경",8 ,드라마,59598294 ,554968598 ,332822481 
독전,2018.5.22,2,5063684 ,1532 ,140007 ,넥스트,이해영,"조진웅, 류준열, 김주혁, 김성령, 박해준",8 ,"범죄, 액션",133788052 ,457001390 ,160156018 
공작,2018.8.8,3,4974520 ,1317 ,99001 ,씨제이,윤종빈,"황정민, 이성민, 조진웅, 주지훈",7 ,드라마,190194969 ,554968598 ,332822481 
바람과 함께 사라지다,2012.8.8,3,4909937 ,694 ,78591 ,넥스트,김주호,"차태현, 오지호, 민효린, 성동일, 신정근, 고창석",8 ,"코미디, 액션",101495066 ,514450077 ,160156018 
봉오동 전투,2019.8.7,3,4787538 ,1476 ,107030 ,쇼박스,원신연,"유해진, 류준열, 조우진",8 ,"액션, 드라마",114624019 ,859312808 ,194689255 
조선명탐정 : 각시투구꽃의 비밀,2011.1.27,1,4786259 ,634 ,84189 ,쇼박스,김석윤,"김명민, 오달수, 한지민",8 ,"코미디, 미스터리",122575772 ,249343926 ,194689255 
군도: 민란의 시대,2014.7.23,3,4774931 ,1394 ,67237 ,쇼박스,윤종빈,"하정우, 강동원",7 ,액션,126164476 ,304344210 ,194689255 
범죄와의 전쟁: 나쁜놈들 전성시대,2012.2.2,1,4719872 ,713 ,91889 ,쇼박스,윤종빈,"최민식, 하정우",9 ,"범죄, 드라마",128469734 ,707625778 ,194689255 
신세계,2013.2.21,1,4682492 ,671 ,90580 ,넥스트,박훈정,"이정재, 최민식, 황정민",9 ,"범죄, 드라마",154934651 ,707625778 ,160156018 
도가니,2011.9.22,3,4662822 ,756 ,88337 ,씨제이,황동혁,"공유, 정유미",9 ,드라마,51903546 ,554968598 ,332822481 
내 아내의 모든 것,2012.5.17,2,4598821 ,563 ,91773 ,넥스트,민규동,"임수정, 이선균, 류승룡",9 ,"멜로/로맨스, 코미디",116097100 ,280298420 ,160156018 
판도라,2016.12.7,4,4584800 ,1760 ,100270 ,넥스트,박정우,"김남길, 김주현, 정진영, 김영애, 문정희, 김대명",8 ,"드라마, 스릴러",81908011 ,659239234 ,160156018 
나쁜 녀석들: 더 무비,2019.9.11,3,4573902 ,1511 ,113938 ,씨제이,손용호,"마동석, 김상중, 김아중, 장기용",6 ,"범죄, 액션",98864462 ,457001390 ,332822481 
연가시,2012.7.5,3,4515833 ,759 ,71928 ,씨제이,박정우,"김명민, 문정희, 김동완, 이하늬",7 ,"드라마, 모험",74005218 ,590898353 ,332822481 
강철비,2017.12.14,4,4452740 ,2028 ,80358 ,넥스트,양우석,"정우성, 곽도원",8 ,"액션, 드라마",57628583 ,859312808 ,160156018 
아가씨,2016.6.1,2,4287839 ,1171 ,90365 ,씨제이,박찬욱,"김민희, 김태리, 하정우, 조진웅",7 ,"스릴러, 드라마",180173708 ,659239234 ,332822481 
용의자,2013.12.24,4,4131338 ,1425 ,69124 ,쇼박스,원신연,"공유, 박희순, 조성하, 유다인, 김성균, 조재윤",8 ,"액션, 드라마",95401146 ,859312808 ,194689255 
건축학개론,2012.3.22,1,4111068 ,593 ,106067 ,롯데,이용주,"엄태웅, 한가인, 이제훈, 수지",9 ,멜로/로맨스,37539663 ,70192553 ,159188751 
댄싱퀸,2012.1.18,1,4058225 ,544 ,80987 ,씨제이,이석훈,"황정민, 엄정화",9 ,"코미디, 드라마",78330177 ,765074465 ,332822481 
꾼,2017.11.22,4,4018035 ,1314 ,117398 ,쇼박스,장창원,"현빈, 유지태, 배성우, 박성웅, 나나, 안세하",8 ,범죄,69971813 ,152657180 ,194689255 
타짜-신의 손,2014.9.3,3,4015361 ,890 ,80584 ,롯데,강형철,"T.O.P, 신세경, 곽도원, 이하늬",7 ,드라마,73760166 ,554968598 ,159188751 
박수건달,2013.1.9,1,3893216 ,603 ,60585 ,쇼박스,조진규,"박신양, 김정태, 엄지원, 정혜영",8 ,코미디,44499927 ,210105867 ,194689255 
조선명탐정 : 사라진 놉의 딸,2015.2.11,1,3872015 ,825 ,80499 ,쇼박스,김석윤,"김명민, 오달수, 이연희",8 ,"코미디, 모험",116504558 ,246035622 ,194689255 
역린,2014.4.30,2,3849552 ,1054 ,83296 ,롯데,이재규,"현빈, 정재영, 조정석, 조재현, 한지민",7 ,드라마,82373977 ,554968598 ,159188751 
남한산성,2017.10.3,4,3849087 ,1229 ,71101 ,씨제이,황동혁,"이병헌, 김윤석, 박해일, 고수, 박희순",8 ,드라마,154540823 ,554968598 ,332822481 
암수살인,2018.10.3,4,3789321 ,1177 ,126127 ,쇼박스,김태균,"김윤석, 주지훈",8 ,"범죄, 드라마",91631341 ,707625778 ,194689255 
국가부도의 날,2018.11.28,4,3747952 ,1180 ,100804 ,씨제이,최국희,"김혜수, 유아인, 허준호, 조우진, 뱅상 카셀",8 ,드라마,78937774 ,554968598 ,332822481 
82년생 김지영,2019.10.23,4,3678156 ,1486 ,145441 ,롯데,김도영,"정유미, 공유",7 ,드라마,51903546 ,554968598 ,159188751 
귀향,2016.2.24,1,3587173 ,876 ,90286 ,기타,조정래,"박지희, 강하나, 서미지, 홍세나, 김시은, 최리, 정무성, 류신, 임성철, 이승현, 남상지",8 ,드라마,39458903 ,554968598 ,120697397 
신의 한 수,2014.7.3,3,3566852 ,794 ,77109 ,쇼박스,조범구,"정우성, 이범수, 안성기, 김인권, 이시영",8 ,"범죄, 액션",67185672 ,457001390 ,194689255 
부러진 화살,2012.1.18,1,3451025 ,530 ,71560 ,넥스트,정지영,"안성기, 박원상, 나영희, 김지호",9 ,드라마,35389934 ,554968598 ,160156018 
끝까지 간다,2014.5.29,2,3450305 ,645 ,84875 ,쇼박스,김성훈,"이선균, 조진웅",9 ,"범죄, 액션",89783842 ,457001390 ,194689255 
스파이,2013.9.5,3,3435802 ,785 ,72796 ,씨제이,폴 페이그,"제이슨 스타뎀, 로즈 번, 멜리사 맥카시, 앨리슨 제니, 주드 로, 피터 세라피노윅, 미란다 하트",9 ,"코미디, 액션",24050614 ,514450077 ,332822481 
그것만이 내 세상,2018.1.17,1,3419339 ,956 ,95431 ,씨제이,최성현,"이병헌, 윤여정, 박정민",9 ,"코미디, 드라마",62992675 ,765074465 ,332822481 
돈,2019.3.20,1,3389125 ,1431 ,120809 ,쇼박스,박누리,"류준열, 유지태, 조우진",7 ,범죄,57198005 ,152657180 ,194689255 
악인전,2019.5.15,2,3364712 ,1307 ,97351 ,기타,이원태,"마동석, 김무열, 김성규",8 ,"범죄, 액션",102271054 ,457001390 ,120697397 
아이 캔 스피크,2017.9.21,3,3279296 ,1140 ,93012 ,롯데,김현석,"나문희, 이제훈",9 ,드라마,29427897 ,554968598 ,159188751 
마녀,2018.6.27,2,3189091 ,1117 ,90843 ,기타,박훈정,"김다미, 조민수, 박희순, 최우식",8 ,"미스터리, 액션",57794747 ,343582269 ,120697397 
탐정: 리턴즈,2018.6.13,2,3152872 ,1137 ,107907 ,씨제이,이언희,"권상우, 성동일, 이광수",8 ,"코미디, 범죄",45485634 ,362763047 ,332822481 
퀵,2011.7.20,3,3125069 ,514 ,60714 ,씨제이,조범구,"이민기, 강예원, 김인권, 고창석",8 ,액션,46890240 ,304344210 ,332822481 
감기,2013.8.14,3,3117859 ,806 ,55046 ,기타,김성수,"장혁, 수애, 박민하",7 ,"드라마, 모험, 액션",14220431 ,895242563 ,120697397 
스물,2015.3.25,1,3044811 ,926 ,100161 ,넥스트,이병헌,"김우빈, 준호, 강하늘",8 ,"코미디, 드라마",35468879 ,765074465 ,160156018 
오싹한 연애,2011.12.1,4,3009356 ,787 ,62074 ,씨제이,황인호,"손예진, 이민기",9 ,"멜로/로맨스, 공포, 코미디",38548774 ,297862386 ,332822481 
형,2016.11.23,4,2979659 ,993 ,83518 ,씨제이,권수경,"조정석, 디오, 박신혜",8 ,"코미디, 드라마",57474810 ,765074465 ,332822481 
친구 2,2013.11.14,4,2969900 ,968 ,69856 ,롯데,곽경택,"유오성, 주진모, 김우빈",6 ,"느와르, 액션",22661496 ,309386012 ,159188751 
고지전,2011.7.20,3,2945137 ,585 ,53738 ,쇼박스,장훈,"신하균, 고수, 이제훈, 류승수, 고창석, 이다윗, 류승룡, 김옥빈, 조진웅, 정인기, 박영서",9 ,"전쟁, 드라마",224225904 ,577015327 ,194689255 
26년,2012.11.29,4,2940475 ,611 ,50044 ,기타,조근현,"진구, 한혜진, 임슬옹",6 ,액션,19899385 ,304344210 ,120697397 
프리즌,2017.3.23,1,2931897 ,1047 ,89024 ,쇼박스,나현,"한석규, 김래원, 강신일",8 ,"범죄, 액션",28110702 ,457001390 ,194689255 
가장 보통의 연애,2019.10.2,4,2924563 ,1073 ,111527 ,넥스트,김한결,"김래원, 공효진",8 ,멜로/로맨스,20429397 ,70192553 ,160156018 
극비수사,2015.6.18,2,2860786 ,894 ,66211 ,쇼박스,곽경택,"김윤석, 유해진",8 ,"드라마, 범죄",118056364 ,707625778 ,194689255 
표적,2014.4.30,2,2841828 ,716 ,72255 ,씨제이,창감독,"류승룡, 유준상, 이진욱, 김성령, 조여정, 조은지",7 ,"액션, 드라마",134696358 ,859312808 ,332822481 
너의 결혼식,2018.8.22,3,2820969 ,970 ,98193 ,기타,이석근,"박보영, 김영광",8 ,멜로/로맨스,19838026 ,70192553 ,120697397 
말모이,2019.1.9,1,2812877 ,1203 ,87591 ,롯데,엄유나,"유해진, 윤계상",9 ,드라마,79418161 ,554968598 ,159188751 
내가 살인범이다,2012.11.8,4,2729798 ,547 ,58409 ,쇼박스,정병길,"정재영, 박시후",8 ,"액션, 스릴러",14607569 ,408614846 ,194689255 
소원,2013.10.2,4,2711083 ,651 ,72329 ,롯데,이준익,"설경구, 엄지원, 이레",9 ,드라마,40549558 ,554968598 ,159188751 
곤지암,2018.3.28,1,2675575 ,1124 ,88477 ,쇼박스,정범식,"위하준, 박지현, 오아연, 문예원, 박성훈, 이승욱, 유제윤",6 ,"공포, 미스터리",18729025 ,56802025 ,194689255 
살인자의 기억법,2017.9.6,3,2658589 ,1064 ,88686 ,쇼박스,원신연,"설경구, 김남길, 설현, 오달수",8 ,"범죄, 스릴러",128611409 ,256927816 ,194689255 
후궁 : 제왕의 첩,2012.6.6,2,2636320 ,624 ,69104 ,롯데,김대승,"조여정, 김동욱, 김민준",7 ,"멜로/로맨스, 드라마",50112532 ,625161151 ,159188751 
탐정 : 더 비기닝,2015.9.24,3,2625686 ,764 ,54995 ,씨제이,김정훈,"권상우, 성동일",8 ,"코미디, 범죄",38706243 ,362763047 ,332822481 
지금 만나러 갑니다,2018.3.14,1,2602273 ,1191 ,97482 ,롯데,이장훈,"소지섭, 손예진",9 ,멜로/로맨스,40375322 ,70192553 ,159188751 
위험한 상견례,2011.3.31,1,2595625 ,524 ,75068 ,롯데,김진영,"진세연, 홍종현, 신정근, 전수경, 김응수",7 ,"멜로/로맨스, 코미디",29621484 ,280298420 ,159188751 
아수라,2016.9.28,3,2594028 ,1278 ,68040 ,씨제이,김성수,"정우성, 황정민, 주지훈, 곽도원",7 ,"범죄, 액션",169356632 ,457001390 ,332822481 
보안관,2017.5.3,2,2588628 ,1091 ,63709 ,롯데,김형주,"이성민, 조진웅, 김성균",8 ,"범죄, 코미디",99753642 ,362763047 ,159188751 
증인,2019.2.13,1,2534748 ,1047 ,89564 ,롯데,이한,"정우성, 김향기",9 ,드라마,57852327 ,554968598 ,159188751 
시동,2019.12.18,4,2526018 ,1515 ,58603 ,넥스트,최정열,"마동석, 박정민, 정해인, 염정아, 최성은",8 ,드라마,108063833 ,554968598 ,160156018 
목격자,2018.8.15,3,2524720 ,1021 ,71403 ,넥스트,조규장,"이성민, 김상호, 진경, 곽시양",5 ,스릴러,37233266 ,104270636 ,160156018 
조작된 도시,2017.2.9,1,2515501 ,1019 ,62241 ,씨제이,배종,"지창욱, 심은경, 안재홍",8 ,"액션, 범죄",30575131 ,457001390 ,332822481 
블랙머니,2019.11.13,4,2478964 ,1141 ,77469 ,기타,정지영,"조진웅, 이하늬",8 ,"범죄, 드라마",93649342 ,707625778 ,120697397 
반창꼬,2012.12.19,4,2475797 ,847 ,46879 ,넥스트,정기훈,"고수, 한효주",9 ,"드라마, 멜로/로맨스",40128830 ,625161151 ,160156018 
조선명탐정: 흡혈괴마의 비밀,2018.2.8,1,2444136 ,1249 ,74953 ,쇼박스,김석윤,"김명민, 오달수, 김지원",7 ,"모험, 코미디",114433087 ,246035622 ,194689255 
화차,2012.3.8,1,2436438 ,548 ,62643 ,기타,변영주,"이선균, 김민희, 조성하",8 ,미스터리,45035815 ,39238059 ,120697397 
이웃사람,2012.8.22,3,2434269 ,600 ,56752 ,롯데,김휘,"김윤진, 마동석, 천호진, 김성균, 김새론, 임하룡, 장영남, 도지한",8 ,스릴러,127615332 ,104270636 ,159188751 
재심,2017.2.15,1,2421197 ,935 ,68402 ,기타,김태윤,"정우, 강하늘, 김해숙",9 ,드라마,47126037 ,554968598 ,120697397 
사바하,2019.2.20,1,2398519 ,1174 ,78096 ,씨제이,장재현,"이정재, 박정민, 이재인, 유지태",7 ,"미스터리, 스릴러",76597283 ,143508695 ,332822481 
화이: 괴물을 삼킨 아이,2013.10.9,4,2394453 ,817 ,59049 ,쇼박스,장준환,"김윤석, 여진구, 조진웅, 장현성, 김성균, 박해준",8 ,"액션, 스릴러",152473205 ,408614846 ,194689255 
의뢰인,2011.9.29,3,2393086 ,522 ,58414 ,쇼박스,손영성,"하정우, 박희순, 장혁",8 ,"드라마, 스릴러",126157188 ,659239234 ,194689255 
가문의 영광4 - 가문의 수난,2011.9.7,3,2368267 ,537 ,48432 ,넥스트,정태원,"김수미, 신현준, 탁재훈, 임형준, 정준하, 현영",4 ,"코미디, 액션",15840868 ,514450077 ,160156018 
블라인드,2011.8.10,3,2367942 ,404 ,49358 ,넥스트,안상훈,"김하늘, 유승호",8 ,스릴러,10586122 ,104270636 ,160156018 
박열,2017.6.28,2,2359206 ,1176 ,78499 ,기타,이준익,"이제훈, 최희서, 김인우",8 ,"드라마, 모험, 멜로/로맨스",22912374 ,661090906 ,120697397 
7광구,2011.8.4,3,2242510 ,812 ,47346 ,씨제이,김지훈,"하지원, 안성기, 오지호, 박철민, 송새벽",3 ,"SF, 액션, 모험",34335890 ,352965499 ,332822481 
타짜: 원 아이드 잭,2019.9.11,3,2229239 ,1429 ,66479 ,롯데,권오광,"박정민, 류승범, 최유화",5 ,"범죄, 드라마",28120404 ,707625778 ,159188751 
마당을 나온 암탉,2011.7.28,3,2201273 ,363 ,39224 ,롯데,오성윤,"문소리, 유승호, 최민식, 박철민, 김상현",9 ,"애니메이션, 가족, 모험, 드라마",54988436 ,626528296 ,159188751 
악의 연대기,2015.5.14,2,2192525 ,776 ,64351 ,씨제이,백운학,"손현주, 마동석, 최다니엘, 박서준",8 ,"범죄, 스릴러",111697370 ,256927816 ,332822481 
강남 1970,2015.1.21,1,2192276 ,841 ,53304 ,쇼박스,유하,"이민호, 김래원, 정진영",7 ,"액션, 드라마",28439001 ,859312808 ,194689255 
PMC: 더 벙커,2018.12.26,4,2164065 ,2867 ,72922 ,씨제이,김병우,"하정우, 이선균",5 ,액션,121595168 ,304344210 ,332822481 
신의 한 수: 귀수편,2019.11.7,4,2157439 ,1246 ,82178 ,씨제이,리건,"권상우, 김희원, 김성균",8 ,"범죄, 액션",34451107 ,457001390 ,332822481 
마이 웨이,2011.12.21,4,2142670 ,1233 ,52027 ,씨제이,강제규,"장동건, 오다기리 죠, 판빙빙",7 ,드라마,10830204 ,554968598 ,332822481 
나의 사랑 나의 신부,2014.10.8,4,2141155 ,629 ,69681 ,기타,임찬상,"조정석, 신민아",8 ,"멜로/로맨스, 코미디",35364695 ,280298420 ,120697397 
굿바이 싱글,2016.6.29,2,2108273 ,841 ,56380 ,쇼박스,김태곤,"김혜수, 마동석, 김현수",8 ,"코미디, 드라마",107878642 ,765074465 ,194689255 
몽타주,2013.5.16,2,2095592 ,544 ,53195 ,넥스트,정근섭,"엄정화, 김상경, 송영창",9 ,"스릴러, 드라마",20309899 ,659239234 ,160156018 
명당,2018.9.19,3,2087474 ,1117 ,58450 ,기타,박희곤,"조승우, 지성, 김성균, 문채원, 유재명, 박충선, 백윤식",7 ,드라마,79385729 ,554968598 ,120697397 
내부자들: 디 오리지널,2015.12.31,4,2084868 ,1433 ,47237 ,쇼박스,우민호,"이병헌, 조승우, 백윤식",9 ,"범죄, 드라마",78513367 ,707625778 ,194689255 
뷰티 인사이드,2015.8.20,3,2053435 ,648 ,52618 ,넥스트,백종열,"한효주, 김대명, 도지한, 배성우, 박신혜, 이범수, 박서준, 김상호, 천우희, 우에노 주리, 이재준, 김민재, 이현우, 조달환, 이진욱, 홍다미, 서강준, 김희원, 이동욱, 고아성, 김주혁, 유연석",8 ,멜로/로맨스,209803082 ,70192553 ,160156018 
봉이 김선달,2016.7.6,3,2051277 ,942 ,51418 ,씨제이,박대민,"유승호, 조재현, 고창석, 라미란, 시우민",8 ,"코미디, 모험",43141130 ,246035622 ,332822481 
라스트 갓파더,2010.12.29,4,1998059 ,547 ,38175 ,씨제이,심형래,"심형래, 하비 케이틀, 마이클 리스폴리, 제이슨 미웨스, 조셀린 도나휴",6 ,코미디,9990295 ,210105867 ,332822481 
남자가 사랑할 때,2014.1.22,1,1979311 ,531 ,41123 ,넥스트,한동욱,"황정민, 한혜진",9 ,드라마,75082970 ,554968598 ,160156018 
협상,2018.9.19,3,1967721 ,919 ,57926 ,씨제이,이종석,"손예진, 현빈",7 ,범죄,49207494 ,152657180 ,332822481 
내안의 그놈,2019.1.9,1,1902828 ,1041 ,61683 ,기타,강효진,"진영, 박성웅, 라미란",8 ,"판타지, 코미디",26246105 ,251585361 ,120697397 
오늘의 연애,2015.1.14,1,1891993 ,709 ,47237 ,씨제이,박진표,"이승기, 문채원, 이서진, 정준영",7 ,"멜로/로맨스, 코미디",24412918 ,280298420 ,332822481 
글러브,2011.1.20,1,1887731 ,605 ,44725 ,씨제이,강우석,"정재영, 유선, 강신일, 조진웅, 김미경",9 ,드라마,85065597 ,554968598 ,332822481 
코리아,2012.5.3,2,1872681 ,537 ,49679 ,씨제이,문현성,"하지원, 배두나",9 ,드라마,16358014 ,554968598 ,332822481 
아이들...,2011.2.17,1,1867849 ,504 ,41515 ,롯데,이규만,"박용우, 류승룡, 성동일, 성지루, 김여진",8 ,범죄,121185232 ,152657180 ,159188751 
연애의 온도,2013.3.21,1,1865195 ,567 ,57847 ,롯데,노덕,"이민기, 김민희",7 ,멜로/로맨스,19129924 ,70192553 ,159188751 
노무현입니다,2017.5.25,2,1855149 ,775 ,61327 ,기타,이창재,노무현,9 ,다큐멘터리,1855149 ,2246805 ,120697397 
집으로 가는 길,2013.12.11,4,1854711 ,889 ,42896 ,씨제이,방은진,"전도연, 고수",9 ,드라마,16359053 ,554968598 ,332822481 
뺑반,2019.1.30,1,1826912 ,1285 ,47215 ,쇼박스,한준희,"공효진, 류준열, 조정석",6 ,"범죄, 액션",78712035 ,457001390 ,194689255 
마약왕,2018.12.19,4,1813594 ,1297 ,41658 ,쇼박스,우민호,"송강호, 조정석, 배두나",6 ,"범죄, 드라마",115065008 ,707625778 ,194689255 
변신,2019.8.21,3,1804112 ,975 ,63211 ,기타,김홍선,"배성우, 성동일, 장영남, 김혜준, 조이현, 김강훈",7 ,"공포, 스릴러",56288542 ,121834602 ,120697397 
나의 PS 파트너,2012.12.6,4,1786831 ,552 ,37625 ,씨제이,변성현,"지성, 김아중",8 ,"멜로/로맨스, 코미디",16440393 ,280298420 ,332822481 
기술자들,2014.12.24,4,1778083 ,641 ,24416 ,롯데,김홍선,"김우빈, 김영철, 고창석, 이현우, 조윤희, 임주환",7 ,"범죄, 액션",66023786 ,457001390 ,159188751 
공범,2013.10.24,4,1766285 ,611 ,51425 ,씨제이,국동석,"손예진, 김갑수",7 ,스릴러,31126028 ,104270636 ,332822481 
대호,2015.12.16,4,1762742 ,1301 ,44821 ,넥스트,박훈정,최민식,8 ,드라마,33802416 ,554968598 ,160156018 
제보자,2014.10.2,4,1755181 ,676 ,58358 ,기타,임순례,"박해일, 유연석, 이경영",8 ,드라마,46304585 ,554968598 ,120697397 
전설의 주먹,2013.4.10,2,1744585 ,724 ,57593 ,씨제이,강우석,"황정민, 유준상, 이요원, 윤제문, 정웅인, 성지루",8 ,"액션, 드라마",93295969 ,859312808 ,332822481 
러브픽션,2012.2.29,1,1726202 ,617 ,44130 ,넥스트,전계수,"하정우, 공효진",7 ,"멜로/로맨스, 코미디",105446297 ,280298420 ,160156018 
평양성,2011.1.27,1,1717566 ,483 ,41860 ,롯데,이준익,"정진영, 이문식, 류승룡, 윤제문, 선우선",8 ,"코미디, 전쟁",111401563 ,232152596 ,159188751 
파파로티,2013.3.14,1,1716429 ,552 ,53601 ,쇼박스,윤종찬,"한석규, 이제훈, 오달수, 강소라, 조진웅, 이재용",8 ,드라마,192989801 ,554968598 ,194689255 
쎄시봉,2015.2.5,1,1715370 ,829 ,51744 ,씨제이,김현석,"정우, 김윤석, 한효주, 김희애, 진구, 장현성, 강하늘, 조복래",6 ,"멜로/로맨스, 드라마",130154396 ,625161151 ,332822481 
피끓는 청춘,2014.1.22,1,1676040 ,679 ,36082 ,롯데,이연우,"박보영, 이종석, 이세영, 김영광",8 ,"코미디, 멜로/로맨스, 드라마",35847138 ,835267018 ,159188751 
헬로우 고스트,2010.12.22,4,1663550 ,418 ,34713 ,넥스트,김영탁,"차태현, 강예원, 이문수, 고창석, 장영남, 천보근",9 ,코미디,59936160 ,210105867 ,160156018 
공모자들,2012.8.29,3,1646142 ,496 ,44959 ,기타,김홍선,"임창정, 최다니엘, 오달수, 조윤희",7 ,"범죄, 스릴러",107132885 ,256927816 ,120697397 
임금님의 사건수첩,2017.4.26,2,1635003 ,1054 ,53005 ,씨제이,문현성,"이선균, 안재홍",8 ,"코미디, 모험, 액션",31386752 ,550379832 ,332822481 
걸캅스,2019.5.9,2,1629528 ,973 ,63163 ,씨제이,정다원,"라미란, 이성경",6 ,"코미디, 액션",10323787 ,514450077 ,332822481 
두근두근 내 인생,2014.9.3,3,1624601 ,629 ,40158 ,씨제이,이재용,"강동원, 송혜교, 조성목",7 ,드라마,34950303 ,554968598 ,332822481 
우아한 거짓말,2014.3.13,1,1619188 ,573 ,57492 ,기타,이한,"김희애, 고아성, 김유정, 김향기",8 ,드라마,54595121 ,554968598 ,120697397 
하울링,2012.2.16,1,1612554 ,550 ,44753 ,씨제이,유하,"송강호, 이나영",7 ,"범죄, 드라마",72647239 ,707625778 ,332822481 
사자,2019.7.31,3,1611163 ,1405 ,47683 ,롯데,김주환,"박서준, 안성기, 우도환",7 ,"미스터리, 액션, 판타지, 공포",25106725 ,402625729 ,159188751 
창궐,2018.10.25,4,1599290 ,1351 ,60687 ,넥스트,김성훈,"현빈, 장동건",5 ,액션,26709605 ,304344210 ,160156018 
더 폰,2015.10.22,4,1593694 ,794 ,53599 ,넥스트,김봉주,"손현주, 엄지원, 배성우",7 ,"액션, 스릴러",49278872 ,408614846 ,160156018 
성난황소,2018.11.22,4,1593386 ,1010 ,48932 ,쇼박스,김민호,"마동석, 송지효",7 ,"범죄, 액션",80555691 ,457001390 ,194689255 
도어락,2018.12.5,4,1559616 ,954 ,53732 ,기타,이권,"공효진, 김예원, 김성오",6 ,스릴러,14533446 ,104270636 ,120697397 
용의자X,2012.10.18,4,1552055 ,553 ,42989 ,씨제이,방은진,"류승범, 이요원, 조진웅",8 ,미스터리,79377958 ,39238059 ,332822481 
퍼펙트 게임,2011.12.21,4,1507084 ,809 ,41010 ,롯데,박희곤,"조승우, 양동근, 최정원",9 ,드라마,15941273 ,554968598 ,159188751 
리틀 포레스트,2018.2.28,1,1506269 ,884 ,68414 ,기타,임순례,"김태리, 류준열, 문소리, 진기주",9 ,드라마,55608169 ,554968598 ,120697397 
부라더,2017.11.2,4,1492903 ,889 ,54975 ,기타,장유정,"마동석, 이동휘, 이하늬",7 ,코미디,126313928 ,210105867 ,120697397 
나의 특별한 형제,2019.5.1,2,1478156 ,936 ,49927 ,넥스트,육상효,"신하균, 이광수, 이솜",9 ,"드라마, 코미디",18806106 ,765074465 ,160156018 
해무(海霧),2014.8.13,3,1475507 ,584 ,33490 ,넥스트,심성보,"김윤석, 박유천, 한예리, 이희준, 문성근, 김상호, 유승목",7 ,드라마,79699795 ,554968598 ,160156018 
스윙키즈,2018.12.19,4,1473125 ,1571 ,42247 ,넥스트,강형철,"디오, 자레드 그라임스, 박혜수, 오정세, 김민호",8 ,드라마,12426387 ,554968598 ,160156018 
차이나타운,2015.4.29,2,1472106 ,551 ,45137 ,기타,박상현,"서준영, 반소영",5 ,"액션, 범죄",2944212 ,457001390 ,120697397 
인간중독,2014.5.14,2,1441973 ,682 ,44057 ,넥스트,김대우,"송승헌, 임지연, 조여정, 온주완",7 ,"드라마, 멜로/로맨스",31667178 ,625161151 ,160156018 
탐정 홍길동: 사라진 마을,2016.5.4,2,1430885 ,764 ,41076 ,씨제이,조성희,"이제훈, 김성균",8 ,"드라마, 액션",38308043 ,859312808 ,332822481 
런닝맨,2013.4.4,2,1422844 ,567 ,45995 ,기타,윤준상,"김서영, 권창욱, 엄상현, 김연우, 강시현, 전태열",8 ,애니메이션,13467027 ,15798986 ,120697397 
골든슬럼버,2018.2.14,1,1387508 ,833 ,42991 ,씨제이,노동석,"강동원, 김의성, 한효주, 김성균, 김대명",5 ,"범죄, 드라마",102838989 ,707625778 ,332822481 
기억의 밤,2017.11.29,4,1386611 ,759 ,52847 ,기타,장항준,"강하늘, 김무열",8 ,"미스터리, 스릴러",38542179 ,143508695 ,120697397 
브이아이피,2017.8.23,3,1373316 ,996 ,44650 ,기타,박훈정,"장동건, 김명민, 박희순, 이종석",7 ,"범죄, 드라마",68372099 ,707625778 ,120697397 
특별시민,2017.4.26,2,1362634 ,1154 ,46377 ,쇼박스,박인제,"최민식, 곽도원, 심은경, 문소리, 라미란, 류혜영, 이기홍",7 ,드라마,106276008 ,554968598 ,194689255 
차형사,2012.5.30,2,1346754 ,433 ,39152 ,씨제이,신태라,"강지환, 성유리, 이수혁, 김영광, 신민철",7 ,코미디,12176675 ,210105867 ,332822481 
은교,2012.4.25,2,1346359 ,521 ,41683 ,롯데,정지우,"박해일, 김무열, 김고은",7 ,멜로/로맨스,51281432 ,70192553 ,159188751 
궁합,2018.2.28,1,1340117 ,966 ,52427 ,씨제이,홍창표,"심은경, 이승기",6 ,"코미디, 드라마",26832838 ,765074465 ,332822481 
미스터 고,2013.7.17,3,1328888 ,840 ,38263 ,쇼박스,김용화,"성동일, 서교",8 ,"드라마, 코미디, 액션",31222842 ,1069418675 ,194689255 
사라진 밤,2018.3.7,1,1315726 ,925 ,60087 ,기타,이창희,"김상경, 김강우, 김희애",7 ,스릴러,21762539 ,104270636 ,120697397 
간첩,2012.9.20,3,1310895 ,576 ,41726 ,롯데,우민호,"김명민, 염정아, 유해진, 변희봉, 정겨운",7 ,"드라마, 코미디, 액션",106505583 ,1069418675 ,159188751 
장산범,2017.8.17,3,1306438 ,711 ,34768 ,넥스트,허정,"염정아, 박혁권",6 ,"미스터리, 스릴러",12849066 ,143508695 ,160156018 
간기남,2012.4.11,2,1246185 ,396 ,38155 ,쇼박스,김형준,"박희순, 박시연, 주상욱, 김정태, 이한위, 이광수",7 ,"스릴러, 코미디",55765976 ,314376503 ,194689255 
유열의 음악앨범,2019.8.28,3,1245532 ,1078 ,59626 ,기타,정지우,"김고은, 정해인",6 ,"멜로/로맨스, 드라마",9422631 ,625161151 ,120697397 
특별수사: 사형수의 편지,2016.6.16,2,1241899 ,691 ,39372 ,넥스트,권종관,"김명민, 김상호, 성동일, 김영애, 김향기",8 ,"범죄, 드라마",112248060 ,707625778 ,160156018 
퍼펙트맨,2019.10.2,4,1240022 ,894 ,50055 ,쇼박스,용수,"설경구, 조진웅",8 ,"코미디, 드라마",83572766 ,765074465 ,194689255 
찌라시: 위험한 소문,2014.2.20,1,1221427 ,560 ,37426 ,씨제이,김광식,"김강우, 정진영, 고창석, 박성웅",8 ,"드라마, 범죄",59918946 ,707625778 ,332822481 
결혼전야,2013.11.21,4,1212843 ,524 ,38819 ,기타,홍지영,"김강우, 김효진, 이연희, 택연, 마동석, 구잘 투르수노바, 이희준, 고준희, 주지훈",7 ,"멜로/로맨스, 코미디",148958558 ,280298420 ,120697397 
깡철이,2013.10.2,4,1209363 ,707 ,43102 ,씨제이,안권태,"유아인, 김해숙",7 ,가족,48924455 ,19830957 ,332822481 
악녀,2017.6.8,2,1208081 ,685 ,46070 ,넥스트,정병길,"김옥빈, 신하균, 성준, 김서형, 조은지",7 ,액션,22679228 ,304344210 ,160156018 
해빙,2017.3.1,1,1204600 ,915 ,46227 ,롯데,이수연,"조진웅, 신구, 김대명",6 ,스릴러,73290935 ,104270636 ,159188751 
시간이탈자,2016.4.13,2,1202384 ,733 ,55075 ,씨제이,곽재용,"임수정, 조정석, 이진욱",7 ,스릴러,54033048 ,104270636 ,332822481 
R2B: 리턴투베이스,2012.8.15,3,1201944 ,539 ,32881 ,씨제이,김동원,"비, 유준상, 신세경, 김성수, 이하나, 이종석, 정경호",8 ,"액션, 드라마",32906443 ,859312808 ,332822481 
더 웹툰: 예고살인,2013.6.27,2,1201457 ,541 ,35931 ,씨제이,김용균,"이시영, 엄기준",7 ,"공포, 스릴러",7034858 ,121834602 ,332822481 
생일,2019.4.3,2,1197565 ,878 ,71797 ,넥스트,이종언,"설경구, 전도연",7 ,드라마,24818776 ,554968598 ,160156018 
바람 바람 바람,2018.4.5,2,1194229 ,985 ,57939 ,넥스트,이병헌,"이성민, 신하균, 송지효, 이엘",6 ,코미디,28690655 ,210105867 ,160156018 
"힘을 내요, 미스터 리",2019.9.11,3,1181960 ,990 ,41831 ,넥스트,이계벽,"차승원, 엄채영, 박해준",8 ,"코미디, 드라마",13605583 ,765074465 ,160156018 
빅매치,2014.11.27,4,1177438 ,627 ,38527 ,넥스트,최호,"이정재, 신하균, 이성민, 보아",7 ,액션,76645022 ,304344210 ,160156018 
동주,2016.2.17,1,1172641 ,543 ,39958 ,기타,이준익,"강하늘, 박정민, 김인우",9 ,드라마,33391321 ,554968598 ,120697397 
슬로우 비디오,2014.10.2,4,1169562 ,618 ,40665 ,기타,김영탁,"차태현, 남상미",8 ,드라마,24260515 ,554968598 ,120697397 
돈의 맛,2012.5.17,2,1166018 ,643 ,36922 ,롯데,임상수,"김강우, 백윤식, 윤여정, 김효진",7 ,드라마,39517050 ,554968598 ,159188751 
장수상회,2015.4.9,2,1165780 ,688 ,52928 ,씨제이,강제규,"박근형, 윤여정, 조진웅, 한지민",9 ,"드라마, 멜로/로맨스",83712740 ,625161151 ,332822481 
가문의 영광5 - 가문의 귀환,2012.12.19,4,1160021 ,671 ,29429 ,롯데,정용기,"정준호, 김민정, 유동근, 성동일, 박상욱, 박근형, 윤두준, 왕석현, 유혜정, 김태환, 손나은, 황광희, 유민",6 ,코미디,45360773 ,210105867 ,159188751 
미씽: 사라진 여자,2016.11.30,4,1153109 ,790 ,40617 ,기타,이언희,"엄지원, 공효진",8 ,"미스터리, 가족, 서스펜스",27900680 ,60717812 ,120697397 
고령화 가족,2013.5.9,2,1141222 ,583 ,37524 ,씨제이,송해성,"박해일, 윤제문, 공효진, 윤여정, 진지희",8 ,드라마,51149081 ,554968598 ,332822481 
장사리 : 잊혀진 영웅들,2019.9.25,3,1140876 ,1090 ,47821 ,기타,곽경택,"김명민, 최민호, 김성철, 김인권, 곽시양",8 ,전쟁,38781913 ,22046729 ,120697397 
하루,2017.6.15,2,1129609 ,781 ,45808 ,기타,조선호,"김명민, 변요한, 유재명",7 ,스릴러,29325788 ,104270636 ,120697397 
챔피언,2018.5.1,2,1128774 ,874 ,47320 ,기타,김용완,"마동석, 권율, 한예리",6 ,드라마,84937852 ,554968598 ,120697397 
성난 변호사,2015.10.8,4,1128288 ,607 ,36990 ,씨제이,허종호,"이선균, 김고은, 임원희",8 ,"범죄, 액션",34648750 ,457001390 ,332822481 
"당신, 거기 있어줄래요",2016.12.14,4,1124815 ,767 ,39181 ,롯데,홍지영,"김윤석, 변요한, 채서진",9 ,"판타지, 드라마",53445715 ,596448092 ,159188751 
특수본,2011.11.24,4,1118258 ,471 ,40881 ,롯데,황병국,"엄태웅, 주원, 정진영, 성동일, 이태임, 김정태",7 ,"액션, 범죄",77779987 ,457001390 ,159188751 
회사원,2012.10.11,4,1110523 ,549 ,41275 ,쇼박스,임상윤,"소지섭, 이미연",6 ,"액션, 드라마",13291240 ,859312808 ,194689255 
간신,2015.5.21,2,1110246 ,697 ,40580 ,롯데,민규동,"주지훈, 김강우, 천호진, 임지연, 이유영",7 ,드라마,64442214 ,554968598 ,159188751 
롱 리브 더 킹: 목포 영웅,2019.6.19,2,1094404 ,965 ,38839 ,기타,강윤성,"김래원, 원진아, 진선규, 최귀화",8 ,"액션, 드라마",29591875 ,859312808 ,120697397 
오빠생각,2016.1.21,1,1069864 ,855 ,44801 ,넥스트,이한,"임시완, 고아성",9 ,"드라마, 전쟁",28352753 ,577015327 ,160156018 
"날, 보러와요",2016.4.7,2,1063442 ,683 ,49237 ,기타,이철하,"강예원, 이상윤, 최진호",7 ,"미스터리, 스릴러",9974380 ,143508695 ,120697397 
수상한 고객들,2011.4.14,2,1059350 ,411 ,33930 ,씨제이,조진모,류승범,9 ,"코미디, 드라마",13225326 ,765074465 ,332822481 
점박이:한반도의 공룡3D,2012.1.26,1,1050852 ,457 ,22475 ,씨제이,한상호,"이형석, 신용우, 구자형",8 ,애니메이션,4565998 ,15798986 ,332822481 
동창생,2013.11.6,4,1048280 ,660 ,36401 ,쇼박스,박홍수,"T.O.P, 한예리, 윤제문, 조성하, 김유정",7 ,"액션, 드라마",29447057 ,859312808 ,194689255 
그놈이다,2015.10.28,4,1046015 ,681 ,38678 ,기타,윤준형,"주원, 유해진, 이유영",7 ,스릴러,74844709 ,104270636 ,120697397 
오직 그대만,2011.10.20,4,1027622 ,435 ,35365 ,쇼박스,송일곤,"소지섭, 한효주",9 ,멜로/로맨스,39204348 ,70192553 ,194689255 
심장이 뛴다,2011.1.5,1,1006947 ,445 ,26778 ,롯데,윤재근,"김윤진, 박해일",8 ,드라마,33197675 ,554968598 ,159188751 
염력,2018.1.31,1,990104 ,1099 ,45623 ,넥스트,연상호,"류승룡, 심은경",5 ,코미디,106716099 ,210105867 ,160156018 
방황하는 칼날,2014.4.10,2,989906 ,594 ,38850 ,씨제이,이정호,"정재영, 이성민",8 ,"스릴러, 범죄",27488699 ,256927816 ,332822481 
미쓰 와이프,2015.8.13,3,988451 ,437 ,28864 ,기타,강효진,"엄정화, 송승헌",9 ,코미디,10978900 ,210105867 ,120697397 
시체가 돌아왔다,2012.3.29,1,986923 ,435 ,36705 ,씨제이,우선호,"이범수, 류승범, 김옥빈",7 ,"범죄, 코미디",33666702 ,362763047 ,332822481 
전국노래자랑,2013.5.1,2,978413 ,581 ,41649 ,롯데,이종필,"김인권, 류현경, 김수미, 오광록, 유연석, 이초희, 오현경, 김중기",8 ,코미디,25923158 ,210105867 ,159188751 
원더풀 라디오,2012.1.5,1,977470 ,474 ,29167 ,쇼박스,권칠인,"이민정, 이정진",8 ,드라마,1954940 ,554968598 ,194689255 
"고산자, 대동여지도",2016.9.7,3,974262 ,765 ,38048 ,씨제이,강우석,"차승원, 유준상",7 ,드라마,9577465 ,554968598 ,332822481 
돈 크라이 마미,2012.11.22,4,972962 ,444 ,29539 ,기타,김용한,"유선, 남보라, 유오성, 동호",6 ,"스릴러, 드라마",17501232 ,659239234 ,120697397 
우리는 형제입니다,2014.10.23,4,970373 ,566 ,41638 ,쇼박스,장진,"조진웅, 김성균, 김영애, 윤진이",7 ,"코미디, 가족",104097267 ,229936824 ,194689255 
천문: 하늘에 묻는다,2019.12.26,4,965624 ,1198 ,25734 ,롯데,허진호,"최민식, 한석규",9 ,드라마,47443072 ,554968598 ,159188751 
나랏말싸미,2019.7.24,3,958775 ,1211 ,39206 ,기타,조철현,"송강호, 박해일, 전미선",3 ,드라마,102187768 ,554968598 ,120697397 
허삼관,2015.1.14,1,955679 ,621 ,27645 ,넥스트,하정우,"하정우, 하지원",8 ,드라마,100218549 ,554968598 ,160156018 
점쟁이들,2012.10.3,4,953682 ,479 ,31577 ,넥스트,신정원,"김수로, 강예원, 이제훈, 곽도원, 김윤혜, 양경모",6 ,"코미디, 공포",60504642 ,227669833 ,160156018 
불한당: 나쁜 놈들의 세상,2017.5.17,2,939535 ,860 ,37913 ,씨제이,변성현,"설경구, 임시완",6 ,"범죄, 액션, 드라마",34535839 ,1011969988 ,332822481 
뽀로로 극장판 슈퍼썰매 대모험,2013.1.23,1,931342 ,459 ,19941 ,씨제이,박영균,"이선, 이미자, 김환진, 함수정, 홍소영, 조현정, 정미숙",9 ,애니메이션,18696845 ,15798986 ,332822481 
인랑,2018.7.25,3,898945 ,1085 ,25427 ,기타,김지운,"강동원, 한효주, 정우성, 김무열",4 ,"SF, 액션",106487475 ,317035744 ,120697397 
극장판 헬로카봇 : 백악기 시대,2018.8.1,3,879449 ,758 ,16173 ,넥스트,김진철,"이지현, 김용준, 양정화",9 ,애니메이션,7346282 ,15798986 ,160156018 
체포왕,2011.5.4,2,870887 ,407 ,32545 ,롯데,임찬익,"박중훈, 이선균",8 ,코미디,27855998 ,210105867 ,159188751 
열한시,2013.11.28,4,870785 ,512 ,32536 ,씨제이,김현석,"정재영, 최다니엘, 김옥빈",6 ,스릴러,23749059 ,104270636 ,332822481 
미확인 동영상 : 절대클릭금지,2012.5.30,2,867386 ,361 ,25059 ,쇼박스,김태경,"박보영, 주원, 강별",6 ,"공포, 스릴러",18518239 ,121834602 ,194689255 
살인의뢰,2015.3.12,1,855980 ,646 ,35244 ,기타,손용호,"김상경, 김성균, 박성웅",7 ,"범죄, 스릴러",47545648 ,256927816 ,120697397 
좋아해줘,2016.2.17,1,848148 ,637 ,27125 ,씨제이,박현진,"이미연, 최지우, 김주혁, 유아인, 강하늘, 이솜",8 ,"멜로/로맨스, 코미디",72199762 ,280298420 ,332822481 
만추,2011.2.17,1,845845 ,444 ,25590 ,씨제이,김태용,"현빈, 탕웨이",7 ,드라마,21010586 ,554968598 ,332822481 
대립군,2017.5.31,2,837500 ,809 ,29084 ,기타,정윤철,"이정재, 여진구, 김무열",7 ,드라마,76546020 ,554968598 ,120697397 
남쪽으로 튀어,2013.2.6,1,832894 ,428 ,23088 ,롯데,임순례,"김윤석, 오연수, 한예리, 백승환, 박사랑",8 ,"드라마, 코미디",58017419 ,765074465 ,159188751 
손님,2015.7.9,3,828025 ,634 ,23404 ,씨제이,김광태,"류승룡, 이성민, 천우희, 이준",6 ,"판타지, 공포",117307238 ,59043460 ,332822481 
레드슈즈,2019.7.25,3,817729 ,717 ,20376 ,넥스트,홍성호,"클로이 모레츠, 샘 클라플린, 지나 거손, 패트릭 워버튼, 짐 래쉬, 아바 콜커, 안소이, 신용우, 전진아, 권성혁, 정재헌, 최한, 윤세웅, 프레더릭 하멜",9 ,"애니메이션, 모험, 코미디, 판타지, 멜로/로맨스",12754570 ,373506655 ,160156018 
카트,2014.11.13,4,812490 ,544 ,28547 ,기타,부지영,"염정아, 문정희, 김영애, 김강우",9 ,드라마,53153352 ,554968598 ,120697397 
화이트: 저주의 멜로디,2011.6.9,2,790954 ,311 ,28059 ,씨제이,김곡,"은정, 황우슬혜, 메이다니, 최아라, 진세연",7 ,"공포, 미스터리",14072731 ,56802025 ,332822481 
나는 왕이로소이다,2012.8.8,3,790181 ,471 ,21898 ,롯데,장규성,"주지훈, 백윤식, 변희봉, 박영규, 임원희, 김수로, 이하늬",7 ,"드라마, 코미디",103275797 ,765074465 ,159188751 
관능의 법칙,2014.2.13,1,781516 ,591 ,30630 ,롯데,권칠인,"엄정화, 문소리, 조민수",8 ,"드라마, 코미디",18503489 ,765074465 ,159188751 
뽀로로 극장판 공룡섬 대모험,2017.12.7,4,773743 ,803 ,18226 ,넥스트,김현호,"이선, 이미자, 함수정, 홍소영, 정미숙, 김서영, 김환진",9 ,애니메이션,20520616 ,15798986 ,160156018 
푸른소금,2011.8.31,3,771699 ,476 ,28346 ,씨제이,이현승,"송강호, 신세경",7 ,드라마,77023689 ,554968598 ,332822481 
레슬러,2018.5.9,2,771141 ,957 ,43079 ,롯데,김대웅,"유해진, 김민재, 이성경",5 ,"드라마, 코미디",73215133 ,765074465 ,159188751 
상류사회,2018.8.29,3,768442 ,867 ,41725 ,롯데,변혁,"박해일, 수애",4 ,드라마,28878037 ,554968598 ,159188751 
뽀로로 극장판 보물섬 대모험,2019.4.25,2,766843 ,797 ,20075 ,넥스트,김현호,"이선, 이미자, 김현지, 홍소영, 정미숙, 김서영, 김환진, 남도형, 정승욱, 이장원, 황창영",9 ,애니메이션,22402080 ,15798986 ,160156018 
황해,2010.12.22,4,763270 ,488 ,18807 ,쇼박스,나홍진,"하정우, 김윤석, 조성하",8 ,"범죄, 스릴러",153217856 ,256927816 ,194689255 
스플릿,2016.11.9,4,758195 ,702 ,32616 ,기타,최국희,"유지태, 이정현, 이다윗, 정성화",9 ,드라마,23332023 ,554968598 ,120697397 
더 파이브,2013.11.14,4,731212 ,501 ,27308 ,씨제이,정연식,"김선아, 온주완, 마동석, 신정근, 정인기, 이청아, 박효주",6 ,"스릴러, 드라마",94842289 ,659239234 ,332822481 
물괴,2018.9.12,3,723622 ,1183 ,46022 ,롯데,허종호,"김명민, 김인권, 혜리, 최우식",5 ,액션,59149343 ,304344210 ,159188751 
미쓰백,2018.10.11,4,722182 ,671 ,41961 ,기타,이지원,"한지민, 김시아, 이희준",9 ,드라마,22997838 ,554968598 ,120697397 
풍산개,2011.6.23,2,714136 ,286 ,19194 ,넥스트,전재홍,"윤계상, 김규리",7 ,드라마,13140814 ,554968598 ,160156018 
국가대표 2,2016.8.10,3,709929 ,562 ,20689 ,기타,김종현,"수애, 오달수, 오연서",9 ,드라마,93948707 ,554968598 ,120697397 
통증,2011.9.7,3,700272 ,317 ,29211 ,롯데,곽경택,"권상우, 정려원, 마동석",8 ,드라마,87698283 ,554968598 ,159188751 
신비아파트: 금빛 도깨비와 비밀의 동굴,2018.7.25,3,678091 ,762 ,16175 ,씨제이,김병갑,"조현정, 김영은, 김채하, 양정화",9 ,"애니메이션, 판타지, 모험",8237830 ,93208235 ,332822481 
상의원,2014.12.24,4,676632 ,466 ,13809 ,쇼박스,이원석,"한석규, 고수, 박신혜, 유연석, 마동석",8 ,드라마,129218724 ,554968598 ,194689255 
고양이: 죽음을 보는 두 개의 눈,2011.7.7,3,672314 ,304 ,18972 ,넥스트,변승욱,"박민영, 김동욱, 김예론",5 ,공포,31491110 ,17563966 ,160156018 
신비아파트 극장판 하늘도깨비 대 요르문간드,2019.12.19,4,672127 ,841 ,13762 ,씨제이,변영규,"조현정, 양정화, 김영은, 김채하",8 ,애니메이션,8237830 ,15798986 ,332822481 
열정같은소리하고있네,2015.11.25,4,654102 ,566 ,30459 ,넥스트,정기훈,"정재영, 박보영",7 ,드라마,25421660 ,554968598 ,160156018 
그날의 분위기,2016.1.14,1,653287 ,592 ,27186 ,쇼박스,조규장,"문채원, 유연석",6 ,"멜로/로맨스, 코미디",18851577 ,280298420 ,194689255 
아빠는 딸,2017.4.12,2,647305 ,586 ,33263 ,기타,김형협,"윤제문, 정소민",8 ,"코미디, 드라마",8333875 ,765074465 ,120697397 
사냥,2016.6.29,2,645922 ,696 ,28862 ,롯데,이우철,"안성기, 조진웅, 한예리, 권율",6 ,"액션, 스릴러",82221215 ,408614846 ,159188751 
나를 찾아줘,2019.11.27,4,645082 ,875 ,29475 ,기타,김승우,"이영애, 유재명, 박해준, 이원근",7 ,스릴러,15369192 ,104270636 ,120697397 
광대들: 풍문조작단,2019.8.21,3,637461 ,806 ,29048 ,기타,김주호,"조진웅, 손현주, 박희순, 고창석, 김슬기, 윤박, 김민석",6 ,드라마,127736538 ,554968598 ,120697397 
널 기다리며,2016.3.10,1,635235 ,551 ,33774 ,넥스트,모홍진,"심은경, 윤제문, 김성오",8 ,스릴러,33195096 ,104270636 ,160156018 
플랜맨,2014.1.9,1,632299 ,458 ,20459 ,롯데,성시흡,"정재영, 한지민",8 ,코미디,23033843 ,210105867 ,159188751 
조선마술사,2015.12.30,4,628576 ,1204 ,18630 ,롯데,김대승,"유승호, 고아라",7 ,드라마,8932632 ,554968598 ,159188751 
특종: 량첸살인기,2015.10.22,4,616481 ,776 ,31783 ,롯데,노덕,"조정석, 이미숙, 이하나",7 ,스릴러,35658446 ,104270636 ,159188751 
미쓰GO,2012.6.21,2,611685 ,440 ,24851 ,넥스트,박철관,"고현정, 유해진, 성동일, 이문식, 고창석",5 ,"코미디, 액션",120891973 ,514450077 ,160156018 
서부전선,2015.9.24,3,609063 ,509 ,18935 ,롯데,천성일,"설경구, 여진구",6 ,"전쟁, 드라마",24945199 ,577015327 ,159188751 
우는 남자,2014.6.4,2,603495 ,508 ,22322 ,씨제이,이정범,"장동건, 김민희",6 ,"액션, 드라마",16168767 ,859312808 ,332822481 
패션왕,2014.11.6,4,594871 ,523 ,25487 ,넥스트,오기환,"주원, 최진리",5 ,"드라마, 코미디",4701835 ,765074465 ,160156018 
황제를 위하여,2014.6.11,2,592435 ,423 ,26736 ,기타,박상준,"이민기, 박성웅, 이태임",6 ,"액션, 느와르",27829220 ,309386012 ,120697397 
극장판 헬로카봇 : 달나라를 구해줘!,2019.9.4,3,590413 ,889 ,20852 ,롯데,최신규,"이지현, 김용준, 양정화, 조경이",8 ,애니메이션,8005034 ,15798986 ,159188751 
파파,2012.2.1,1,587291 ,414 ,24767 ,롯데,한지승,"박용우, 고아라",8 ,코미디,4379188 ,210105867 ,159188751 
극장판 헬로카봇: 옴파로스 섬의 비밀,2019.1.31,1,575362 ,752 ,15827 ,넥스트,최신규,"이지현, 김용준",9 ,애니메이션,4090448 ,15798986 ,160156018 
양자물리학,2019.9.25,3,554939 ,799 ,25296 ,기타,이성태,"박해수, 서예지, 김상호, 김응수, 변희봉, 김영재, 이창훈",8 ,범죄,16886038 ,152657180 ,120697397 
점박이 한반도의 공룡2 : 새로운 낙원,2018.12.25,4,550145 ,1253 ,12584 ,넥스트,한상호,"박희순, 라미란, 김성균",9 ,애니메이션,54193368 ,15798986 ,160156018 
너는 펫,2011.11.10,4,543313 ,341 ,24395 ,롯데,김병곤,"김하늘, 장근석",6 ,"멜로/로맨스, 코미디",3880367 ,280298420 ,159188751 
챔프,2011.9.7,3,534752 ,301 ,19668 ,쇼박스,이환경,"차태현, 유오성, 박하선, 김수정",8 ,드라마,29293229 ,554968598 ,194689255 
사이코메트리,2013.3.7,1,534273 ,429 ,23487 ,씨제이,토마스 로스,"조 우드콕, 제임스 코스모, 코스모 자비스",4 ,"드라마, 스릴러",1602819 ,659239234 ,332822481 
버닝,2018.5.17,2,528435 ,739 ,26514 ,기타,이창동,"유아인, 스티븐 연, 전종서",7 ,미스터리,32361554 ,39238059 ,120697397 
7년의 밤,2018.3.28,1,528007 ,872 ,26804 ,씨제이,추창민,"장동건, 류승룡, 송새벽, 고경표",5 ,"스릴러, 드라마",94746478 ,659239234 ,332822481 
몬스터,2014.3.13,1,526557 ,527 ,25460 ,롯데,황인호,"이민기, 김고은, 김뢰하",6 ,스릴러,15683659 ,104270636 ,159188751 
헬머니,2015.3.5,1,522929 ,422 ,24846 ,넥스트,신한솔,"김수미, 정만식, 김정태, 이태란, 정애연, 이영은, 이아인, 박준금",7 ,코미디,39540107 ,210105867 ,160156018 
가려진 시간,2016.11.16,4,510878 ,884 ,30404 ,쇼박스,엄태화,"강동원, 신은수, 이효제",8 ,"드라마, 판타지",32518914 ,596448092 ,194689255 
남자사용설명서,2013.2.14,1,507913 ,372 ,17238 ,쇼박스,이원석,"이시영, 오정세, 박영규",7 ,"멜로/로맨스, 코미디",9902266 ,280298420 ,194689255 
아부의 왕,2012.6.21,2,497880 ,428 ,22060 ,롯데,정승구,"송새벽, 성동일, 이병준, 김성령, 고창석, 한채아",6 ,코미디,63609224 ,210105867 ,159188751 
또 하나의 약속,2014.2.6,1,497613 ,192 ,14847 ,기타,김태윤,"박철민, 윤유선, 김규리, 박희정, 유세형, 이경영",9 ,드라마,23849758 ,554968598 ,120697397 
무서운 이야기 2,2013.6.5,2,495522 ,337 ,18509 ,롯데,김성호,"성준, 이수혁, 백진희, 김슬기, 정인선, 고경표, 김지원, 박성웅, 이세영",7 ,공포,28669359 ,17563966 ,159188751 
침묵,2017.11.2,4,494097 ,634 ,23228 ,씨제이,정지우,"최민식, 박신혜, 류준열, 이하늬",8 ,드라마,118320311 ,554968598 ,332822481 
변산,2018.7.4,3,490519 ,763 ,27504 ,기타,이준익,"박정민, 김고은",8 ,드라마,18316920 ,554968598 ,120697397 
해어화,2016.4.13,2,485695 ,572 ,32322 ,롯데,박흥식,"한효주, 유연석, 천우희, 박성웅",8 ,드라마,61705804 ,554968598 ,159188751 
계춘할망,2016.5.19,2,482516 ,526 ,19644 ,기타,창감독,"윤여정, 김고은",9 ,"드라마, 가족",13025956 ,574799555 ,120697397 
소녀괴담,2014.7.2,3,481696 ,455 ,19432 ,기타,오인천,"강하늘, 김소은",5 ,"공포, 스릴러",17675331 ,121834602 ,120697397 
캐치미,2013.12.18,4,480434 ,517 ,16151 ,롯데,이현종,"김아중, 주원",7 ,"코미디, 멜로/로맨스",16265824 ,280298420 ,159188751 
조선미녀삼총사,2014.1.29,1,480361 ,388 ,14031 ,쇼박스,박제현,"하지원, 강예원, 가인, 고창석, 주상욱",4 ,"코미디, 액션, 드라마",35566661 ,1069418675 ,194689255 
넛잡: 땅콩 도둑들,2014.1.29,1,478993 ,382 ,10817 ,기타,피터 레페니오티스,"윌 아넷, 캐서린 헤이글, 리암 니슨, 브렌든 프레이저",7 ,"애니메이션, 모험, 코미디, 가족",9789189 ,281665565 ,120697397 
"로봇, 소리",2016.1.27,1,476665 ,609 ,25502 ,롯데,이호재,"이성민, 이희준, 이하늬, 김원해, 채수빈, 심은경",8 ,드라마,82165974 ,554968598 ,159188751 
위험한 상견례 2,2015.4.29,2,472693 ,429 ,18409 ,롯데,김진영,"진세연, 홍종현, 신정근, 전수경, 김응수",7 ,"멜로/로맨스, 코미디",29621484 ,280298420 ,159188751 
카운트다운,2011.9.29,3,471547 ,341 ,20958 ,넥스트,존 스톡웰,"닉 네메스, 글렌 제이콥스, 캐서린 이자벨",5 ,액션,1414641 ,304344210 ,160156018 
마담 뺑덕,2014.10.2,4,471172 ,536 ,21636 ,씨제이,임필성,"정우성, 이솜, 박소영",7 ,멜로/로맨스,29380276 ,70192553 ,332822481 
리얼,2017.6.28,2,470105 ,970 ,25139 ,씨제이,이사랑,"김수현, 이성민, 성동일",4 ,"액션, 느와르",65917248 ,309386012 ,332822481 
순수의 시대,2015.3.5,1,469891 ,546 ,23623 ,씨제이,안상훈,"신하균, 장혁, 강한나, 강하늘",6 ,드라마,33057473 ,554968598 ,332822481 
감쪽같은 그녀,2019.12.4,4,469298 ,761 ,24843 ,기타,허인무,"나문희, 김수안",8 ,드라마,31033504 ,554968598 ,120697397 
페이스메이커,2012.1.18,1,467697 ,412 ,21875 ,롯데,김달중,"김명민, 안성기, 고아라, 최태준",9 ,드라마,37142587 ,554968598 ,159188751 
동네사람들,2018.11.7,4,461693 ,731 ,23598 ,기타,임진순,"마동석, 김새론",5 ,"액션, 스릴러",80755472 ,408614846 ,120697397 
노브레싱,2013.10.30,4,451669 ,584 ,24912 ,기타,조용선,"서인국, 이종석, 유리",8 ,드라마,14740888 ,554968598 ,120697397 
원더풀 고스트,2018.9.26,3,450374 ,351 ,13999 ,기타,조원희,"마동석, 김영광, 이유영",7 ,"코미디, 드라마, 범죄",86599792 ,917731645 ,120697397 
반드시 잡는다,2017.11.29,4,446780 ,565 ,24559 ,넥스트,김홍선,"백윤식, 성동일",7 ,스릴러,52720602 ,104270636 ,160156018 
오피스,2015.9.3,3,441208 ,425 ,18575 ,기타,홍원찬,"고아성, 박성웅",6 ,스릴러,30953847 ,104270636 ,120697397 
원라인,2017.3.29,1,435048 ,613 ,20788 ,넥스트,양경모,"임시완, 진구, 박병은",8 ,범죄,26184557 ,152657180 ,160156018 
"협녀, 칼의 기억",2015.8.13,3,431310 ,572 ,16099 ,롯데,박흥식,"이병헌, 전도연, 김고은",5 ,"액션, 드라마",52705044 ,859312808 ,159188751 
모비딕,2011.6.9,2,430936 ,377 ,19894 ,쇼박스,박인제,"황정민, 진구, 김민희, 김상호",7 ,"드라마, 스릴러",99678083 ,659239234 ,194689255 
창수,2013.11.28,4,429141 ,415 ,19471 ,기타,이덕희,"임창정, 안내상, 정성화, 손은서, 태성",7 ,느와르,5721005 ,5041802 ,120697397 
두 개의 달,2012.7.12,3,426706 ,347 ,16810 ,롯데,김동빈,"박한별, 김지석, 박진주, 라미란",7 ,"미스터리, 공포",16970408 ,56802025 ,159188751 
나를 잊지 말아요,2016.1.7,1,425799 ,559 ,19138 ,씨제이,이윤정,"정우성, 김하늘",7 ,멜로/로맨스,29107048 ,70192553 ,332822481 
티끌모아 로맨스,2011.11.10,4,423915 ,323 ,19288 ,기타,김정환,"한예슬, 송중기",8 ,"멜로/로맨스, 코미디",14508435 ,280298420 ,120697397 
흥부: 글로 세상을 바꾼 자,2018.2.14,1,416303 ,627 ,18671 ,롯데,조근현,"정우, 김주혁, 정진영",4 ,드라마,46664452 ,554968598 ,159188751 
무뢰한,2015.5.27,2,414641 ,482 ,23660 ,기타,오승욱,"전도연, 김남길, 박성웅",8 ,"멜로/로맨스, 드라마",37344664 ,625161151 ,120697397 
늑대소년-확장판,2012.12.6,4,414064 ,278 ,11436 ,씨제이,조성희,"송중기, 박보영",9 ,"멜로/로맨스, 드라마, 판타지",27628409 ,666640645 ,332822481 
넛잡 2,2017.10.3,4,411787 ,526 ,10449 ,롯데,캘런 브런커,"윌 아넷, 캐서린 헤이글, 성룡, 이사벨라 모너, 마야 루돌프",9 ,"애니메이션, 모험, 코미디, 가족",3016921 ,281665565 ,159188751 
극장판 공룡메카드: 타이니소어의 섬,2019.1.10,1,410132 ,763 ,15121 ,넥스트,최신규,"김서영, 엄상현, 안현서, 김장",9 ,애니메이션,7592755 ,15798986 ,160156018 
좋은 친구들,2014.7.10,3,407228 ,371 ,17831 ,씨제이,이도윤,"지성, 주지훈, 이광수",8 ,"범죄, 드라마",52625789 ,707625778 ,332822481 
사랑이 무서워,2011.3.10,1,402876 ,290 ,21341 ,롯데,정우철,"임창정, 김규리",7 ,"멜로/로맨스, 코미디",4773391 ,280298420 ,159188751 
뽀로로 극장판 컴퓨터 왕국 대모험,2015.12.10,4,391760 ,544 ,10893 ,넥스트,박영균,"이선, 이미자, 함수정, 홍소영, 정미숙, 김서영, 김환진, 엄상현",9 ,애니메이션,23187776 ,15798986 ,160156018 
내 심장을 쏴라,2015.1.28,1,387409 ,452 ,20042 ,기타,문제용,"이민기, 여진구",8 ,드라마,13734446 ,554968598 ,120697397 
나의 독재자,2014.10.30,4,385932 ,654 ,24217 ,롯데,이해준,"설경구, 박해일",7 ,드라마,44998581 ,554968598 ,159188751 
소수의견,2015.6.24,2,383582 ,398 ,16273 ,기타,김성제,"윤계상, 유해진, 김옥빈",8 ,드라마,86030472 ,554968598 ,120697397 
보통사람,2017.3.23,1,383336 ,621 ,19928 ,기타,김봉한,"손현주, 장혁",8 ,드라마,23876544 ,554968598 ,120697397 
대장 김창수,2017.10.19,4,381483 ,748 ,21744 ,기타,이원태,"조진웅, 송승헌",7 ,드라마,65667899 ,554968598 ,120697397 
커플즈,2011.11.2,4,360045 ,387 ,19564 ,기타,정용기,"김주혁, 이시영, 이윤지, 오정세, 공형진",8 ,"코미디, 멜로/로맨스",27214603 ,280298420 ,120697397 
경성학교: 사라진 소녀들,2015.6.18,2,356415 ,489 ,18520 ,롯데,이해영,"박보영, 엄지원, 박소담",6 ,"미스터리, 드라마",41302463 ,594206657 ,159188751 
석조저택 살인사건,2017.5.9,2,353517 ,539 ,17925 ,기타,정식,"고수, 김주혁, 문성근, 박성웅",7 ,"스릴러, 서스펜스",48261748 ,105919432 ,120697397 
싱글라이더,2017.2.22,1,351276 ,576 ,16746 ,기타,이주영,"이병헌, 공효진, 안소희",8 ,드라마,65647695 ,554968598 ,120697397 
7호실,2017.11.15,4,347790 ,629 ,21846 ,롯데,이용승,"신하균, 디오",7 ,블랙코미디,14123846 ,347790 ,159188751 
치외법권,2015.8.27,3,346483 ,446 ,15297 ,기타,신재호,"임창정, 최다니엘",6 ,액션,8319827 ,304344210 ,120697397 
러브 유어셀프 인 서울,2019.1.26,1,342366 ,224 ,4535 ,씨제이,,"RM, 진, 슈가, 제이홉, 지민, 뷔, 정국",9 ,공연실황,6954150 ,342366 ,332822481 
하이힐,2014.6.3,2,341634 ,385 ,16750 ,롯데,장진,"차승원, 오정세, 이솜",8 ,"느와르, 액션",8407737 ,309386012 ,159188751 
음치 클리닉,2012.11.29,4,338168 ,360 ,16243 ,롯데,김진영,"박하선, 윤상현",7 ,"멜로/로맨스, 코미디",1738855 ,280298420 ,159188751 
허스토리,2018.6.27,2,336822 ,696 ,20406 ,넥스트,민규동,"김희애, 김해숙",9 ,드라마,22606877 ,554968598 ,160156018 
브링 더 소울 : 더 무비,2019.8.7,3,336074 ,569 ,10199 ,기타,박준수,"RM, 진, 슈가, 제이홉, 지민, 뷔, 정국",9 ,다큐멘터리,6954150 ,2246805 ,120697397 
미나문방구,2013.5.16,2,334323 ,385 ,16653 ,롯데,정익환,"최강희, 봉태규",7 ,"드라마, 코미디",726594 ,765074465 ,159188751 
무서운 이야기,2012.7.25,3,331760 ,274 ,10268 ,롯데,김곡,"임슬옹, 경수진, 박정민, 홍은희, 차지연",6 ,공포,17324570 ,17563966 ,159188751 
사랑하기 때문에,2017.1.4,1,324526 ,542 ,15214 ,넥스트,주지홍,"차태현, 김유정, 서현진, 임주환",8 ,"코미디, 멜로/로맨스",28510082 ,280298420 ,160156018 
희생부활자,2017.10.12,4,323628 ,781 ,23596 ,쇼박스,곽경택,"김래원, 김해숙",6 ,"미스터리, 스릴러",27270189 ,143508695 ,194689255 
극적인 하룻밤,2015.12.3,4,320884 ,434 ,18332 ,기타,하기호,"윤계상, 한예리, 박병은, 박효주",7 ,"멜로/로맨스, 코미디",18688562 ,280298420 ,120697397 
도리화가,2015.11.25,4,317505 ,563 ,19168 ,씨제이,이종필,"류승룡, 수지, 송새벽",6 ,드라마,97897431 ,554968598 ,332822481 
세상에서 가장 아름다운 이별,2011.4.20,2,316990 ,340 ,17456 ,넥스트,민규동,"배종옥, 김갑수, 김지영, 유준상, 서영희, 류덕환, 박하선",9 ,"드라마, 가족",12457898 ,574799555 ,160156018 
레드카펫,2014.10.23,4,316953 ,385 ,17696 ,기타, 박범수,"윤계상, 고준희",8 ,"멜로/로맨스, 코미디",13189538 ,280298420 ,120697397 
덕구,2018.4.5,2,315663 ,544 ,19006 ,기타,방수인,"이순재, 정지훈",9 ,드라마,705055 ,554968598 ,120697397 
번 더 스테이지: 더 무비,2018.11.15,4,315010 ,243 ,4714 ,기타,,"RM, 진, 슈가, 제이홉, 지민, 뷔, 정국",9 ,한국,6954150 ,315010 ,120697397 
마이 블랙 미니드레스,2011.3.24,1,313953 ,325 ,20166 ,씨제이,허인무,"윤은혜, 박한별, 차예련, 유인나",7 ,드라마,1803320 ,554968598 ,332822481 
위대한 소원,2016.4.21,2,308398 ,524 ,22769 ,넥스트,남대중,"류덕환, 김동영, 안재홍, 전노민, 전미선",8 ,"코미디, 드라마",12921792 ,765074465 ,160156018 
위험한 관계,2012.10.11,4,298086 ,334 ,17886 ,씨제이,허진호,"장동건, 장쯔이, 장백지",8 ,"멜로/로맨스, 드라마",7141036 ,625161151 ,332822481 
미성년,2019.4.11,2,293352 ,673 ,27314 ,쇼박스,김윤석,"염정아, 김소진, 김혜준, 박세진, 김윤석",8 ,드라마,64293272 ,554968598 ,194689255 
배심원들,2019.5.15,2,288579 ,784 ,20271 ,기타,홍승완,"문소리, 박형식",9 ,드라마,6654468 ,554968598 ,120697397 
혼숨,2016.10.26,4,288016 ,498 ,14510 ,기타,이두환,"류덕환, 조복래",7 ,공포,2978204 ,17563966 ,120697397 
기방도령,2019.7.10,3,287053 ,625 ,16652 ,기타,남대중,"준호, 정소민, 최귀화, 예지원, 공명",6 ,코미디,22595688 ,210105867 ,120697397 
다이노 타임,2015.4.30,2,284900 ,430 ,6713 ,씨제이,최윤석,"멜라니 그리피스, 제인 린치, 윌리암 볼드윈, 스티븐 볼드윈, 롭 슈나이더, 파멜라 애들론, 타라 스트롱, 유리 로웬탈",8 ,"애니메이션, 모험, 코미디, 가족",2279200 ,281665565 ,332822481 
네버엔딩 스토리,2012.1.18,1,283449 ,269 ,13651 ,기타,정용주,"엄태웅, 정려원",7 ,"멜로/로맨스, 코미디",7016124 ,280298420 ,120697397 
극장판 안녕 자두야,2016.5.4,2,280406 ,523 ,7758 ,씨제이,손석우,"여민정, 양정화",8 ,애니메이션,3536240 ,15798986 ,332822481 
가비,2012.3.15,1,270602 ,339 ,17388 ,기타,장윤현,"주진모, 김소연, 박희순, 유선",7 ,"미스터리, 드라마",32119107 ,594206657 ,120697397 
롤러코스터,2013.10.17,4,270148 ,374 ,14726 ,씨제이,하정우,"정경호, 한수현",6 ,코미디,1875903 ,210105867 ,332822481 
기묘한 가족,2019.2.13,1,263598 ,625 ,15314 ,기타,이민재,"정재영, 김남길, 엄지원, 이수경, 정가람, 박인환",6 ,코미디,55270751 ,210105867 ,120697397 
악질경찰,2019.3.20,1,262233 ,833 ,22785 ,기타,이정범,"이선균, 전소니, 박해준",6 ,드라마,37115850 ,554968598 ,120697397 
함정,2015.9.10,3,257990 ,445 ,10899 ,기타,권형진,"마동석, 조한선, 김민경, 지안",6 ,"스릴러, 범죄",78331768 ,256927816 ,120697397 
밤의 여왕,2013.10.17,4,252475 ,333 ,13286 ,기타,김제영,"김민정, 천정명",7 ,"멜로/로맨스, 코미디",1664971 ,280298420 ,120697397 
비밀은 없다,2016.6.23,2,250829 ,502 ,14749 ,씨제이,이경미,"손예진, 김주혁",7 ,스릴러,46798267 ,104270636 ,332822481 
마마,2011.6.1,2,243209 ,269 ,12667 ,롯데,최익환,"엄정화, 김해숙, 유해진, 전수경, 류현경, 이형석",8 ,드라마,99912028 ,554968598 ,159188751 
적과의 동침,2011.4.27,2,243094 ,391 ,14069 ,쇼박스,박건용,"김주혁, 정려원, 유해진",8 ,"드라마, 코미디",87073598 ,765074465 ,194689255 
순정,2016.2.24,1,240484 ,467 ,10545 ,기타,이은희,"디오, 김소현, 연준석, 이다윗, 주아름, 김지호, 박해준, 박용우, 이대연",9 ,드라마,26454893 ,554968598 ,120697397 
미옥,2017.11.9,4,238587 ,635 ,18099 ,기타,이안규,"김혜수, 이선균",5 ,"느와르, 범죄, 액션",55140421 ,462043192 ,120697397 
어느날,2017.4.5,2,234829 ,532 ,17748 ,기타,이윤기,"김남길, 천우희",8 ,멜로/로맨스,27488179 ,70192553 ,120697397 
강철대오:구국의 철가방,2012.10.25,4,233211 ,366 ,15187 ,롯데,육상효,"김인권, 유다인, 조정석, 박철민",6 ,코미디,52792805 ,210105867 ,159188751 
치즈인더트랩,2018.3.14,1,229005 ,364 ,14710 ,기타,김제영,"박해진, 오연서, 박기웅, 유인영",5 ,"멜로/로맨스, 스릴러",8585032 ,174463189 ,120697397 
분노의 윤리학,2013.2.21,1,225618 ,302 ,11909 ,롯데,박명랑,"이제훈, 조진웅, 김태훈, 곽도원, 문소리",7 ,"범죄, 드라마",118327409 ,707625778 ,159188751 
1급기밀,2018.1.24,1,217803 ,512 ,11352 ,기타,홍기선,"김상경, 김옥빈, 최무성",9 ,드라마,16668881 ,554968598 ,120697397 
나는 공무원이다,2012.7.12,3,217719 ,278 ,10866 ,넥스트,구자홍,"윤제문, 송하윤, 성준, 김희정, 서현정, 권수현",6 ,"코미디, 드라마",15485150 ,765074465 ,160156018 
속닥속닥,2018.7.13,3,217444 ,314 ,8246 ,기타,최상훈,"소주연, 김민규",5 ,"공포, 미스터리",434888 ,56802025 ,120697397 
연애의 맛,2015.5.7,2,214539 ,398 ,12474 ,쇼박스,김아론,"오지호, 강예원",7 ,"코미디, 멜로/로맨스",15017348 ,280298420 ,194689255 
투혼,2011.10.6,4,210970 ,356 ,15008 ,롯데,김상진,"김주혁, 김선아, 오재무, 전민서",8 ,드라마,19119636 ,554968598 ,159188751 
덕수리 5형제,2014.12.4,4,210777 ,346 ,10719 ,롯데,전형준,"윤상현, 송새벽, 이아이, 찬성, 김지민, 이광수",7 ,"코미디, 스릴러",12023381 ,314376503 ,159188751 
자칼이 온다,2012.11.15,4,210278 ,300 ,11257 ,롯데,배형준,"송지효, 김재중, 오달수",6 ,"코미디, 드라마",91621714 ,765074465 ,159188751 
코알라 키드 : 영웅의 탄생,2012.1.12,1,205579 ,234 ,6761 ,롯데,이경호,"태민, 써니, 윤다훈, 정은별",9 ,애니메이션,822316 ,15798986 ,159188751 
어린 의뢰인,2019.5.22,2,204259 ,671 ,17416 ,롯데,장규성,"이동휘, 유선, 최명빈, 이주원",9 ,드라마,21995773 ,554968598 ,159188751 
남과 여,2016.2.25,1,203775 ,449 ,9790 ,쇼박스,이윤기,"전도연, 공유",8 ,멜로/로맨스,35884439 ,70192553 ,194689255 
비스트,2019.6.26,2,203042 ,737 ,12404 ,넥스트,이정호,"이성민, 유재명, 전혜진, 최다니엘",5 ,"범죄, 스릴러",37013066 ,256927816 ,160156018 
언니,2019.1.1,1,197134 ,530 ,11315 ,기타,임경택,"이시영, 박세완, 이준혁, 최진호",6 ,액션,7488245 ,304344210 ,120697397 
언더독,2019.1.16,1,195183 ,612 ,10774 ,넥스트,오성윤,"디오, 박소담, 박철민",9 ,애니메이션,21242904 ,15798986 ,160156018 
응징자,2013.10.30,4,192347 ,305 ,12023 ,기타,신재호,"양동근, 주상욱, 이태임",6 ,"액션, 스릴러",5521364 ,408614846 ,120697397 
런닝맨 : 풀룰루의 역습,2018.12.5,4,186912 ,511 ,5521 ,넥스트,윤준상,"김서영, 권창욱, 엄상현, 김연우, 강시현, 전태열",8 ,애니메이션,13467027 ,15798986 ,160156018 
우상,2019.3.20,1,183784 ,900 ,18545 ,기타,이수진,"한석규, 설경구, 천우희",4 ,스릴러,45023106 ,104270636 ,120697397 
마이 리틀 히어로,2013.1.9,1,183650 ,341 ,11663 ,씨제이,김성훈,"김래원, 이성민, 조안, 이광수, 지대한",8 ,드라마,32408037 ,554968598 ,332822481 
채비,2017.11.9,4,177428 ,480 ,9981 ,기타,조영준,"고두심, 김성균",9 ,드라마,21464150 ,554968598 ,120697397 
두번할까요,2019.10.17,4,176020 ,658 ,16246 ,기타,박용집,"권상우, 이정현, 이종혁",5 ,"코미디, 멜로/로맨스",16514675 ,280298420 ,120697397 
톱스타,2013.10.24,4,175153 ,397 ,12218 ,롯데,박중훈,"엄태웅, 김민준, 소이현, 김수로",7 ,드라마,10741560 ,554968598 ,159188751 
아빠를 빌려드립니다,2014.11.20,4,172652 ,326 ,8457 ,기타,김덕수,"김상경, 문정희, 최다인, 채정안, 조재윤",8 ,드라마,30306914 ,554968598 ,120697397 
자전차왕 엄복동,2019.2.27,1,172212 ,624 ,11245 ,기타,김유성,"비, 강소라, 이범수",4 ,드라마,24545081 ,554968598 ,120697397 
대배우,2016.3.30,1,169984 ,474 ,16517 ,기타,석민우,"오달수, 윤제문, 이경영",6 ,코미디,111087648 ,210105867 ,120697397 
노리개,2013.4.18,2,169064 ,278 ,11564 ,기타,최승호,"마동석, 이승연, 민지현, 이도아",7 ,드라마,78064990 ,554968598 ,120697397 
진범,2019.7.10,3,168119 ,224 ,8819 ,기타,고정욱,"송새벽, 유선",6 ,스릴러,7687189 ,104270636 ,120697397 
나는 아빠다,2011.4.14,2,168049 ,300 ,15810 ,롯데,전만배,"김승우, 손병호, 임하룡, 최정윤, 김새론",6 ,"액션, 드라마, 범죄",6304139 ,1011969988 ,159188751 
최강전사 미니특공대 : 새로운 악당의 습격,2015.2.5,1,155348 ,318 ,4610 ,기타,이영준,"엄상현, 전태열, 신용우, 이소영, 성완경, 양정화",8 ,애니메이션,10323215 ,15798986 ,120697397 
달빛궁궐,2016.9.7,3,153097 ,425 ,6067 ,넥스트,김현주,"이하늬, 김슬기, 권율, 김서영",6 ,"애니메이션, 판타지, 모험",38112554 ,93208235 ,160156018 
비정규직 특수요원,2017.3.16,1,149719 ,497 ,11132 ,기타,김덕수,"강예원, 한채아",6 ,"코미디, 액션",8297961 ,514450077 ,120697397 
워킹걸,2015.1.7,1,149181 ,308 ,7076 ,기타,정범식,"조여정, 클라라, 김태우",6 ,"코미디, 멜로/로맨스",17452939 ,280298420 ,120697397 
은밀한 유혹,2015.6.4,2,145547 ,394 ,14968 ,씨제이,윤재구,"임수정, 유연석",5 ,"범죄, 멜로/로맨스",12802069 ,222849733 ,332822481 
가시,2014.4.10,2,142170 ,356 ,11622 ,기타,김태균,"장혁, 조보아, 선우선",7 ,"서스펜스, 멜로/로맨스",8508248 ,71841349 ,120697397 
극장판 또봇: 로봇군단의 습격,2017.4.27,2,141865 ,231 ,3905 ,씨제이,이달,"하룡이, 신경선, 이현, 노영주",9 ,애니메이션,567460 ,15798986 ,332822481 
나를 기억해,2018.4.19,2,141222 ,545 ,14322 ,기타,이한욱,"이유영, 김희원",7 ,"미스터리, 범죄, 스릴러",7099953 ,296165875 ,120697397 
독전: 익스텐디드 컷,2018.7.18,3,137871 ,398 ,5656 ,넥스트,이해영,"조진웅, 류준열, 김주혁, 김성령, 박해준",8 ,"범죄, 액션",133788052 ,457001390 ,160156018 
0.0MHz,2019.5.29,2,137294 ,446 ,5998 ,기타,유선동,"정은지, 이성열, 최윤영, 신주환, 정원창",5 ,공포,686470 ,17563966 ,120697397 
극장판 꼬마버스 타요의 에이스 구출작전,2016.1.21,1,135398 ,200 ,5395 ,기타,류정우,"문남숙, 정혜옥, 최하나, 김영선",9 ,애니메이션,541592 ,15798986 ,120697397 
로마의 휴일,2017.8.30,3,134827 ,436 ,10999 ,기타,이덕희,"임창정, 공형진, 정상훈",7 ,"코미디, 드라마",3791930 ,765074465 ,120697397 
맨홀,2014.10.8,4,133663 ,286 ,10324 ,롯데,신재영,"정경호, 정유미, 김새론",4 ,"공포, 스릴러",24924538 ,121834602 ,159188751 
나의 절친 악당들,2015.6.25,2,133553 ,384 ,9830 ,기타,임상수,"류승범, 고준희, 류현경, 샘 오취리",5 ,"액션, 범죄, 드라마",16552940 ,1011969988 ,120697397 
오늘,2011.10.27,4,131896 ,207 ,7242 ,롯데,이정향,"송혜교, 남지현, 송창의, 기태영",8 ,드라마,2152185 ,554968598 ,159188751 
시간위의 집,2017.4.5,2,128975 ,454 ,10971 ,기타,임대웅,"김윤진, 택연, 조재윤",8 ,"미스터리, 스릴러",14690651 ,143508695 ,120697397 
퇴마: 무녀굴,2015.8.20,3,120802 ,331 ,6463 ,기타,김휘,"김성균, 유선, 천호진, 차예련, 김혜성, 임화영",7 ,"공포, 스릴러",29252873 ,121834602 ,120697397 
최강전사 미니특공대: 영웅의 탄생,2016.2.4,1,117170 ,349 ,4863 ,기타,이영준,,8 ,애니메이션,0 ,15798986 ,120697397 
배우는 배우다,2013.10.24,4,111948 ,297 ,9265 ,넥스트,신연식,"이준, 서영희",7 ,드라마,8411569 ,554968598 ,160156018 
히트,2011.10.13,4,110631 ,171 ,5960 ,넥스트,이성한,"한재석, 송영창, 정성화, 박성웅, 이하늬, 윤택, 마르코",4 ,"드라마, 액션, 코미디",51147508 ,1069418675 ,160156018 
암전,2019.8.15,3,105574 ,423 ,5127 ,기타,김진원,"서예지, 진선규",5 ,"공포, 미스터리",18126109 ,56802025 ,120697397 
5백만불의 사나이,2012.7.19,3,104736 ,331 ,6393 ,씨제이,김익로,"박진영, 조성하, 민효린",5 ,코미디,21056690 ,210105867 ,332822481 
크게 될 놈,2019.4.18,2,102374 ,447 ,7901 ,기타,강지은,"김해숙, 손호준",9 ,드라마,17799766 ,554968598 ,120697397 
루시드 드림,2017.2.22,1,102170 ,461 ,8534 ,넥스트,김준성,"고수, 설경구",6 ,"SF, 스릴러",32973825 ,116962170 ,160156018 
게이트,2018.2.28,1,101381 ,208 ,5474 ,기타,신재호,"정려원, 임창정, 정상훈, 이경영, 이문식, 김도훈",4 ,"범죄, 코미디",22431855 ,362763047 ,120697397 
돌연변이,2015.10.22,4,100523 ,399 ,6827 ,기타,권오광,"이광수, 이천희, 박보영",7 ,"드라마, 코미디",20423803 ,765074465 ,120697397 
미니특공대X,2018.3.22,1,100164 ,458 ,5452 ,기타,이영준,"엄상현, 전태열, 이소영, 신용우",8 ,애니메이션,6912033 ,15798986 ,120697397 
슈퍼 빼꼼: 스파이 대작전,2017.5.3,2,99693 ,358 ,3345 ,기타,임아론,"김태균, 최정현",8 ,"애니메이션, 코미디",199386 ,225904853 ,120697397 
인류멸망 보고서,2012.4.11,2,97916 ,236 ,9556 ,롯데,김지운,"류승범, 송새벽, 김강우, 송영창, 김규리, 고준희, 진지희",5 ,"SF, 판타지",31316554 ,54171028 ,159188751 
여중생A,2018.6.20,2,97849 ,479 ,10242 ,롯데,이경섭,"김환희, 수호",6 ,드라마,7075606 ,554968598 ,159188751 
무서운 이야기 3 : 화성에서 온 소녀,2016.6.1,2,97804 ,317 ,6407 ,롯데,김곡,"임슬옹, 경수진, 박정민, 홍은희, 차지연",6 ,공포,17324570 ,17563966 ,159188751 
기생령,2011.8.5,3,96992 ,207 ,5783 ,롯데,고석진,"한은정, 이형석, 효민, 박성민",4 ,공포,1682029 ,17563966 ,159188751 
577 프로젝트,2012.8.30,3,96079 ,191 ,5040 ,기타,이근우,"공효진, 하정우",8 ,"코미디, 드라마",105446297 ,765074465 ,120697397 
걷기왕,2016.10.20,4,95542 ,462 ,10476 ,기타,백승화,"심은경, 박주희",8 ,드라마,23696270 ,554968598 ,120697397 
일사각오,2016.3.17,1,94767 ,66 ,2702 ,기타,권혁만,"이지형, 설지윤, 최원",9 ,드라마,284301 ,554968598 ,120697397 
써니 감독판,2011.7.28,3,90562 ,54 ,1574 ,씨제이,강형철,"유호정, 심은경, 강소라, 고수희, 김민영, 홍진희, 박진주, 이연경, 남보라, 김보미, 민효린",9 ,"코미디, 드라마",106523954 ,765074465 ,332822481 
그대 이름은 장미,2019.1.16,1,88054 ,540 ,7704 ,기타,조석현,"유호정, 박성웅, 오정세, 하연수, 이원근, 최우식, 채수빈",7 ,코미디,53769633 ,210105867 ,120697397 
터널 3D,2014.8.20,3,80989 ,264 ,5076 ,기타,박규택,"정유미, 연우진, 송재림, 정시연",6 ,"공포, 스릴러",20364076 ,121834602 ,120697397 
쓰리 썸머 나잇,2015.7.15,3,77621 ,297 ,5391 ,기타,김상진,"김동욱, 임원희, 손호준, 윤제문, 류현경",7 ,코미디,41228609 ,210105867 ,120697397 
엽기적인 그녀 2,2016.5.12,2,77124 ,387 ,6132 ,기타,조근식,"차태현, 빅토리아",3 ,"멜로/로맨스, 코미디",23168077 ,280298420 ,120697397 
회초리,2011.5.19,2,74765 ,142 ,4246 ,롯데,박광우,"안내상, 진지희",8 ,"코미디, 가족, 드라마",1817809 ,784905422 ,159188751 
Mr.아이돌,2011.11.3,4,74261 ,311 ,8669 ,롯데,라희찬,"박예진, 지현우, 김수로",7 ,드라마,2276942 ,554968598 ,159188751 
로맨틱 헤븐,2011.3.24,1,73729 ,260 ,8914 ,기타,장진,"김수로, 김동욱, 김지원, 이순재, 심은경, 임원희, 김준배",6 ,드라마,61360543 ,554968598 ,120697397 
정글히어로,2014.10.2,4,72047 ,287 ,2825 ,씨제이,박태동,"양세나, 심규혁, 김현지, 조성목, 남도형, 안장혁",8 ,애니메이션,3590569 ,15798986 ,332822481 
번개맨,2016.2.11,1,69363 ,393 ,4644 ,기타,강유선,"서홍석, 유수호, 최오식, 이상철, 김수미, 김혜원",9 ,뮤지컬,4588592 ,69363 ,120697397 
극장판 반지의 비밀일기,2019.9.11,3,68339 ,459 ,3602 ,기타,한승우,"방연지, 김선혜, 조경이, 채민지",9 ,애니메이션,863769 ,15798986 ,120697397 
닥터,2013.6.20,2,68312 ,163 ,4131 ,기타,김성홍,"김창완, 배소은, 박건우",6 ,"스릴러, 공포",204936 ,121834602 ,120697397 
여곡성,2018.11.8,4,67368 ,212 ,4463 ,기타,유영선,"서영희, 손나은, 이태리, 박민지",4 ,"공포, 미스터리",1858431 ,56802025 ,120697397 
올레,2016.8.25,3,66883 ,338 ,5126 ,기타,채두병,"신하균, 박희순, 오만석, 유다인",7 ,"코미디, 드라마",38369448 ,765074465 ,120697397 
"사랑한다, 사랑하지 않는다",2011.3.3,1,66680 ,80 ,4571 ,넥스트,이윤기,"임수정, 현빈",6 ,멜로/로맨스,26218620 ,70192553 ,160156018 
뷰티풀 투모로우,2017.10.26,4,63279 ,47 ,1390 ,씨제이,장재혁,"박효신, 정재일",9 ,드라마,126558 ,554968598 ,332822481 
헤드,2011.5.26,2,61414 ,196 ,6934 ,기타,조운,"박예진, 백윤식, 류덕환",5 ,"액션, 코미디",23937141 ,514450077 ,120697397 
결정적 한방,2011.12.7,4,60944 ,160 ,6266 ,기타,박중구,"유동근, 윤진서, 김정훈, 오광록",6 ,"드라마, 코미디",2382210 ,765074465 ,120697397 
번개맨과 신비의 섬,2018.4.5,2,60561 ,191 ,2560 ,기타,김지열,"서홍석, 홍민아, 유수호, 최오식, 이상철, 김수미",9 ,가족,4579790 ,19830957 ,120697397 
두 남자,2016.11.30,4,60365 ,397 ,7199 ,기타,이성태,"마동석, 최민호",6 ,"범죄, 액션",78759039 ,457001390 ,120697397 
쩨쩨한 로맨스,2010.12.1,4,57948 ,83 ,1692 ,롯데,김정훈,"이선균, 최강희",9 ,"멜로/로맨스, 코미디",27320121 ,280298420 ,159188751 
달빛 길어올리기,2011.3.17,1,57261 ,128 ,4971 ,씨제이,임권택,"박중훈, 강수연, 예지원, 안병경, 장항선",7 ,드라마,1495269 ,554968598 ,332822481 
빅뱅 메이드,2016.6.30,2,55582 ,56 ,1794 ,씨제이,변진호,"G-DRAGON, 태양, T.O.P, 대성, 승리, 빅뱅",9 ,다큐멘터리,5397133 ,2246805 ,332822481 
더 킥,2011.11.3,4,51024 ,153 ,4506 ,쇼박스,프라차야 핀카엡,"조재현, 예지원, 나태주, 태미, 지자 야닌, 이관훈, 멈",7 ,액션,6602311 ,304344210 ,194689255 
혈투,2011.2.24,1,43947 ,169 ,5277 ,기타,박훈정,"박희순, 진구, 고창석",5 ,"전쟁, 액션, 드라마",56558902 ,881359537 ,120697397 
김종욱 찾기,2010.12.8,4,40447 ,49 ,1007 ,씨제이,장유정,"임수정, 공유",8 ,"멜로/로맨스, 코미디",37836316 ,280298420 ,332822481 
